-- phpMyAdmin SQL Dump
-- version 5.2.1
-- https://www.phpmyadmin.net/
--
-- Host: localhost
-- Generation Time: Feb 19, 2024 at 03:47 AM
-- Server version: 10.4.28-MariaDB
-- PHP Version: 8.2.4

SET SQL_MODE = "NO_AUTO_VALUE_ON_ZERO";
START TRANSACTION;
SET time_zone = "+00:00";


/*!40101 SET @OLD_CHARACTER_SET_CLIENT=@@CHARACTER_SET_CLIENT */;
/*!40101 SET @OLD_CHARACTER_SET_RESULTS=@@CHARACTER_SET_RESULTS */;
/*!40101 SET @OLD_COLLATION_CONNECTION=@@COLLATION_CONNECTION */;
/*!40101 SET NAMES utf8mb4 */;

--
-- Database: `shopping`
--

-- --------------------------------------------------------

--
-- Table structure for table `admin`
--

CREATE TABLE `admin` (
  `id` int(11) NOT NULL,
  `username` varchar(255) NOT NULL,
  `password` varchar(255) NOT NULL,
  `creationDate` timestamp NOT NULL DEFAULT current_timestamp(),
  `updationDate` varchar(255) NOT NULL
) ENGINE=InnoDB DEFAULT CHARSET=latin1 COLLATE=latin1_swedish_ci;

--
-- Dumping data for table `admin`
--

INSERT INTO `admin` (`id`, `username`, `password`, `creationDate`, `updationDate`) VALUES
(1, 'admin', '0192023a7bbd73250516f069df18b500', '2017-01-24 16:21:18', '21-06-2018 08:27:55 PM');

-- --------------------------------------------------------

--
-- Table structure for table `bukti`
--

CREATE TABLE `bukti` (
  `bukti` blob DEFAULT NULL,
  `order_id` int(30) NOT NULL
) ENGINE=InnoDB DEFAULT CHARSET=utf8mb4 COLLATE=utf8mb4_general_ci;

--
-- Dumping data for table `bukti`
--

INSERT INTO `bukti` (`bukti`, `order_id`) VALUES
(0x746573, 0),
(0x77612e706e67, 9),
(0x89504e470d0a1a0a0000000d49484452000000640000005f0803000000298192080000001974455874536f6674776172650041646f626520496d616765526561647971c9653c0000037069545874584d4c3a636f6d2e61646f62652e786d7000000000003c3f787061636b657420626567696e3d22efbbbf222069643d2257354d304d7043656869487a7265537a4e54637a6b633964223f3e203c783a786d706d65746120786d6c6e733a783d2261646f62653a6e733a6d6574612f2220783a786d70746b3d2241646f626520584d5020436f726520352e332d633031312036362e3134353636312c20323031322f30322f30362d31343a35363a32372020202020202020223e203c7264663a52444620786d6c6e733a7264663d22687474703a2f2f7777772e77332e6f72672f313939392f30322f32322d7264662d73796e7461782d6e7323223e203c7264663a4465736372697074696f6e207264663a61626f75743d222220786d6c6e733a786d705269676874733d22687474703a2f2f6e732e61646f62652e636f6d2f7861702f312e302f7269676874732f2220786d6c6e733a786d703d22687474703a2f2f6e732e61646f62652e636f6d2f7861702f312e302f2220786d6c6e733a786d704d4d3d22687474703a2f2f6e732e61646f62652e636f6d2f7861702f312e302f6d6d2f2220786d6c6e733a73745265663d22687474703a2f2f6e732e61646f62652e636f6d2f7861702f312e302f73547970652f5265736f75726365526566232220786d705269676874733a4d61726b65643d22547275652220786d703a43726561746f72546f6f6c3d2241646f62652050686f746f73686f7020435336202857696e646f7773292220786d704d4d3a496e7374616e636549443d22786d702e6969643a31314139303737303937434231314541383841464631463944433542313538302220786d704d4d3a446f63756d656e7449443d22786d702e6469643a3131413930373731393743423131454138384146463146394443354231353830223e203c786d704d4d3a4465726976656446726f6d2073745265663a696e7374616e636549443d22786d702e6969643a3131413930373645393743423131454138384146463146394443354231353830222073745265663a646f63756d656e7449443d22786d702e6469643a3131413930373646393743423131454138384146463146394443354231353830222f3e203c2f7264663a4465736372697074696f6e3e203c2f7264663a5244463e203c2f783a786d706d6574613e203c3f787061636b657420656e643d2272223f3e02bef68d00000300504c5445f79619fde4c1f9ae48fcd9a6f68e06f79509f57900f9ac3ef9b34dfbd69ff8a125f79c24f9b95efabe6afac06efff9f1fcdba9fef6eafefffff7900efde2bcf79c18f79003f7950dfffffcf8a534f79912f8ae45fbcd8afbc57af68e0afde4bef57c00fbc477f89a27fef4e6f7981efce0b7f79200fbcf8ff89c20f69111fcd296f8a328fbca84faba60fddfb4f57e00f9a93bf8a530fef3e2f8a62efef0dcfef1d9f79a15f8a835fef3ddf89e1efeeed7f9b451fdeacefcd49cfff7e8fabd66f79207f58000feefdbf9ae42f57400f8a538f79f1efef5e8f68100f8a022f79116fbc67cfcddaffcdcacf58400fcd7a1fff6e3fbd399fbd195fab759fde8c9f7941af8a73efab756fffbf7fbcb86fff8ebf9af51f9ab41f8ab3cf58200fbc373feedd1feebcefde3bdfde2b8faca83f58600fac06bf9b14bfffdf5fff9ecfef7ecf8aa46fef2e0fdedd2fdebd0fde8c6fcddb0fcd59bfcd399f79104fbc880fac270f9b150f89b1ef68b00f79507f68c00f68d00f79100f68300f68500f79607fef8eefffdfbf79303f68800f89d1afffbf5fde6c4f9b655f7980ff79405f79606f68e00f79506f79304f79000f79407f68600f68a00f79202f68900f68700f79305f78f00f79707f78e00f79404f68200f79101f68f00f69000f68400f78c00f78d00f79203f78e01fde7c7f79505f79706fffaf4fffdfaf57f00fde1bafffcf8f79302f79204fde6c5fffcf7fffcf2f79414f68b01f78b00fbc87ef79001f78d02f78f01fabb65fef1def68c01feedd5fde9ccf89c18fcd59dfcd79ffeecd3fff8eefac072f69100f68a02fef3e3fefef7fde5c3fce4bbfab355f89b2af79e2bf69001fffbeffef6e6f78700f89d25f8a32ef8a42af79605f7a42ff68a01f46b00fabf6dfde7c8fffef8f79b1af69302fcce8df69303fffefaf79d1af78b01f9b857f57d00fefaf4fefbf5feefd6fef3e0fcd09ef79711f79402f9b656fab555f69505f79504fbd091fdedd4fdedd6fdeed7feedd6f78c02fce2bbf69304fde0bcfeeacefbc884f8a427feefd3fef8f0f7970cfbc171fffffff79406ffffff199060490000010074524e53ffffffffffffffffffffffffffffffffffffffffffffffffffffffffffffffffffffffffffffffffffffffffffffffffffffffffffffffffffffffffffffffffffffffffffffffffffffffffffffffffffffffffffffffffffffffffffffffffffffffffffffffffffffffffffffffffffffffffffffffffffffffffffffffffffffffffffffffffffffffffffffffffffffffffffffffffffffffffffffffffffffffffffffffffffffffffffffffffffffffffffffffffffffffffffffffffffffffffffffffffffffffffffffffffffffffffffffffffffffffffffffffffffffffffffffffffffffffffffffffffffffffffffffffffffffffffffffff0053f707250000078b4944415478daec9a7978d3641cc761830a726c632203862b30066c6353188c4be750d8c6293713a632655c8a72698eb69989206ddab4e9bd7527e7b8412e411145c403f1be51b4de78df17269aa61b26699ae66dd1e7f1d1ef1fddf3ec49de4ff2bebff7fbfededf9b567ffc036af59f84541ec9e9975a51d1e9e6f65bd3f2d6fc1d90840d57778e7bf87c5b9653db755977f7baeb9b2d171532a7bc20bf87afa181b453768e61d451941b852c25f3b28f5c24c8969c8aae5ed4adb3b012e114055165bd7f8a1d52949885223a231b46b89bac796a674a4c90845217e40e4be065c5516448790c90fe3d481d1b5946947ee164949019572214ab4ec61ae4b1a22820bb26ecf5b2aa055b1ca75a0343fa5e45e0300b20b8d651c08041e249d4cc02ca82bc5c0402b99aa080195ca0216d46ab87dc8cbaac6c14821164995ac820146c38041472419a3a48c161171bad6072f2323590a9b6e8191ca5a63a2f32a49fde626563a1d4ef4d8804e96ba060362661ce01112073f6a0313258d6a45fad0c29d0c7cc60d91dcef94a900dc555613d1024c49c7314206dc37496d56c2030f514b3737578486f87bc99c0554d15a3fc26001b338c090779d4691746af59676f6656f97b32cc33b9eaed0cb6b50b07a9a0859d857911c812f887d5a88d6318e689b1dfa99fa55f3cb7561e7282c0850cc2993641cb51e02acd5c8657320960c85de521a936c18b600e6722c31cd2e218ee8fe3116fcc3d00e03738942707d9ecf2092e3a30f3ce40cb87b4f6a6bb79c6ae591a336cd7294918e530dd4e0e92490847847e3ed8451d5f0d3298b15a93d54c2290822cc2c8d88e24c940b2443d6eb2f5b9916ffce39420a37a236b7925f5f5b561b573ed88c3c2169cfd4221491976b103e5a65fc3b4e89d59fe2a98c50d3318256539850dd4978542963b24931d2bbc6751f3dd294b35266e06e1ce1c45c8a50ee1fd9f228343206548a89ba62f0ededdddcff776c43721441392f8520a49d26d0ff5ecc2747e5cba176f0c7ae4e5974cbf3facceddbfee72d1edd07429640c6a915919723b2c61de5feaafb2b64c50bd9232c41eea7e510a9944cbae3f85e3962dd4983986cb08bcacd8ed2724908ac3f2ab1c44a2a640aa5b47988029f5e562c8bdf907c35c4971dd08fb9a4a076937824288cccd2248121cba1181ddba6054738cd71866a9f673404843c7d122c84f2e7b48d681e8105f8002efd00c0a0419904106b43ebf5c04d9e09036e0d1affcf64cee7eceeaed9ac782f3e08a8360102a2b510499844aa207b325cf679855da53d871edef1ca00b73c3d3f580116679385504e97f5cd2407dfae9c0c3f7d6a2857c5f31a73bf831b806559245624cd4b8a32248a94ff214d080dd7cdbbdaf2fe0ff2ebea7c9c3b2e77bac539055f2a0d488081093337928dffa8ffcefb37bea4c2c4ec4ff56195e8f96d0ca90fe21f500ac7ae0d00bd6774d9f6a6e2ee2b6d60006c9f9cab82922487c43c8a07aaa938737dffd511fffa6800b3bfb01583dcb368e9826829c7484ce01acee8a2065d19edc4dbcd503be89af64b918e2c26536017aaec7ba30bbd3eb82be655c39e412259ddf219d8c6922485f5caebee1291ef83593d7a7b8c51b31daa0209b5d12c207ce3d24826c19b25e6e3a796e5a573e44cb2d1366bb1d7ccfed285d22b6face84fcb6a9814637052c92a05dc03b172847b29eb47f37cc9581d8c6bcb9f1a59a1f00296fb96f97408e9121cb2f0cd504d753d8dbb48f6106691ac128b5e3522490224a9a48981c67339000053ee5df1788d05e6d5682f5d66ce91acf644952764f61b7cd3985f5180b539ad4e6ac7e3d50a585c80ec9bb4ac5c99dc9909ec7308f34211ed29fcd5bfdafe30f03055815f45508a4c82b5a1bf776e073e0470a6d37ade25fe396f1c518ec4594244ab859ef2f3209f75951a1aea155d01e975fdf2b685fc9c51ed6d5a3ab92da8aac89889781dc46081f04a3895bf9d6efe07f87b7b16de2ac3e718d823eb85468f538dd570652d99021ae5e2cb8f582f57d986ce0adbe5cb5415a1fc897ddcead26ac620a7167f3ddbfce2cc67817fe5e35a40a9a210b194988cb1198c3f064735f71e3c1af2713ef5592603db192e7c36cb1db41e2298d1186b4409af29dadd9865dc3ee539260e0cdcef83090079db8342f7afc7be6d8f8ba16ab87bd4a5b46e8afa2222c1c1149d963b674b7e5b1d564963479804d7ea3fe6458c83664bfa46a875175083803b6bda750259a52f852481a184585d06748522aaac54dc6d89865b44d52acdc25d8d6c75cbac30c3d23143a6fa96e8c9101d36db6442ad99ed19b6363d41806472e3e171031317cd597a929a3cf236361e827aa3b1028238d5133ea56a83c7548b98e364677b4b1d296a8fe906602ad8b229261b27a2bc8715336428253d06e1bc00ece465f8b800d0cdc08e527811e01568e22dc002f03a350fb680e33a77c42ab3d7682ddd0956ba33b96adece8a3d4f4995907bd392dfa03e691a36aeb332244b35187d6a66e8be9a87ce704ca4129ac296e841c31f544cc87fe838f2e6ca4c9ed327bcaedb5083dacd3c46d17e7f385919965d766d422ee0c23972fe316d668c72937825a877d76d7e68bf921c69263999dcb861dafe5b65e19f0dba4a5242e3b276fd7dff049c99287266e3d937d74c5cf99695bc724fcff05cebf1af2a7000300aff94130b2625b460000000049454e44ae426082, 10),
(0xffd8ffe000104a46494600010100000100010000ffe201d84943435f50524f46494c45000101000001c800000000043000006d6e74725247422058595a2007e00001000100000000000061637370000000000000000000000000000000000000000000000000000000010000f6d6000100000000d32d0000000000000000000000000000000000000000000000000000000000000000000000000000000000000000000000000000000964657363000000f0000000247258595a00000114000000146758595a00000128000000146258595a0000013c00000014777470740000015000000014725452430000016400000028675452430000016400000028625452430000016400000028637072740000018c0000003c6d6c756300000000000000010000000c656e5553000000080000001c007300520047004258595a200000000000006fa2000038f50000039058595a2000000000000062990000b785000018da58595a2000000000000024a000000f840000b6cf58595a20000000000000f6d6000100000000d32d706172610000000000040000000266660000f2a700000d59000013d000000a5b00000000000000006d6c756300000000000000010000000c656e5553000000200000001c0047006f006f0067006c006500200049006e0063002e00200032003000310036ffdb004300030202020202030202020303030304060404040404080606050609080a0a090809090a0c0f0c0a0b0e0b09090d110d0e0f101011100a0c12131210130f101010ffdb00430103030304030408040408100b090b1010101010101010101010101010101010101010101010101010101010101010101010101010101010101010101010101010ffc000110800d700d703012200021101031101ffc4001d000101000203010101000000000000000000080607040509030102ffc4004e100000050401020203070f070d000000000001020304050607111208211331144151091719226171d2151618233233425256919295b3b4d3363757627576a13845465366727482839394c3d4ffc4001c0101000105010100000000000000000000000501020304060709ffc4003a1100020103020304070604070000000000000102030411052106123113224151073261718191b1141552a1c1d116233362173536425472f0ffda000c03010002110311003f00d380003cb0fa2a000000000000000000000000000000000000000000000000000000000000000000000000000000000000000000000000000000000000000000000000000000000000000000000000000000000000000000000000000000000000000000000000000000000000000000000000000000000000000000000000000000000000000000000000000000000000000000000000000000000000000000000000000000000000000000000000000000000000000000000000000000000000000000000000007269f4f9d569cc5369709e972e5384d311d841ad6e28cf4494a4bb999fb07185ddd0d61ea35b966bd9bae861af4b9a4f153dc7b4498711b334adc2df91a8d2ad9fe2a4b5d946376c2ce57b5953e9e6fd872bc63c534b84b4c95ece3cd36f118fe293e8beadfb1799af31efb9fb902e284dd46f9b8e1db24e12545150cfa5484a7d8bd292949fcca50cf3e0e3a06f479526feaf6fe98c0725755d97b31df0562e157e45360c9796c41445521b973b4467cd4e2ccbc22322332491968bccccfb0ea158abaebdf23917d77ff6a0bffa04cc6160bbb4a8ca6978effa1e575ae38ceaf2d7d4354a36929acaa72e44d27ef59fcdfbf26d5f838edfdebdf4a6feaf6fe98fc3f738edf22d9e529bfab9bfa634e56ac5eb6e8109751a93f90cd96cb92bc0aeb921445feeb4ea97fe0357b998f31216a43994af04a907a349d6e49191fe98b6a55b0a3fd4b76bdf936ac74de32d4d3765ad52a8975e55197d22cacfe0e4b7cd26a4e519c7c4b7da9c8fa6232bce82ddab78576d86a4adf6e8f53954f4baa4f13709a714825197ab7c77a1767411775d5765a775c9baee5aad65c8f3da4b2e4f9aec8536936b66949b867a2f98451980c8f2ddec65f94752fde5c18b52a36df66a75e847979b2487016a9aebe22bcd1f59b9ed7b18ac3c24b2f0fc127e3e26220338b0709e50ca106454ac3b4dfaac688f7a3bce21f650497344ad69c511f9190ca0ba44ea2cd5af7b297bff008d89fc41130b3b8a8b9a106d7b99e9571c4ba3d9d5746e2ee9c64baa738a6bde9bc9a7c065f7be24c958e382af7b36a14b69c5714bee37cd952bf149d46d3bf937b1880c3384e9bc4d61923697b6d7f4956b5a8a717e29a6be680000b0d90000000000000000000e4408136a731aa7d3e339224bcae286db2d9a8c76359b46bd4060a4d462b24d7326d4b8f299909428c8cc8946d295c4cc88ccb7adf13d6f462e8c1c97324619dcd1a551529c9293e8b3bbf81d30000b4cc0000000000007a3f557174ae849b5c357846ab2e324cd3dbef8c2097f9f92bf38f3807a3d747f907b1fdcc81fb1684f68bead67fdacf1af4b1debad2a12f55d75f5891df4a0447d42d9647e5e9ae7eeee8b27ac5cdf7d616a75b122c8761b6baa3d290ffa4c7f148d284a0d3aefdbee8c46dd286fec86b2f5e7e9ae7eeee8b9fa9acc967e2285407eeeb019ba135275f4b08709b3f04d0483332e69579f22f2f60dbd2de2c2a3e7e5dfaf97439df4874fb5e35b183b6fb47f2ffa794b9bd7f3db6ebbf91af7a48ea6723e62bbaa769de94d83223468073113a2c7535e1289c4a49b5f7349f225199791fc43f3f54e9d69d2e814bcf9584d052c24e4478f266a1a32224c9527e36c8bc8ccb828fda6a33f58a9702754b8cf26dce9c7546b11eb5e5541b75c612c1364d3c6949a945c9b249a55c494647af51f723d0973abec349c4d91513204e972e997321c9cc392de53cf21d2569d4296aeebd1ad064a3efa568f665b3a6a0dd4d39352e7c3ddf97fec95e0ba74ec78dea53ab6eed253a7dda5b352f16f2b6ff6b784b1b3df28df5ee737f23ef1fed067f6423dcc1fceddedfde3a97ef2e0b0bdce6fe47de1fda0cfec847b983f9dbbdbfbc752fde5c1ad7dfe5b43e2743c2dfebfd57feb1fa44b37dce9ed8eae757afeacff00e86c6b7cabd66e6bb3f265cd6c51e5523d0295547e2474bb0792bc342cc888cf7dfb10d8fee756cb1d5d0647fe79f2ff00a0d8ebb21f56d8b2d3bfab96ed4b08459f3297507a33d34ca39a9f712b3235f76ccf6665bee62479b92c29375793e7fa1c2ca876fc6ba8c7ec0aeffb5b8ae5f577ef7cb636b51ee9633474bafdd592291129cdd569131739069326924d9ac89f472d9917c42713dcf5db467d8c40788b06def9b2454a3595e81ce92969720a5c836fb386a24f1d24f7f7b3ff00017a25db1fac5c2320a90fd5a8adf35c7f0d2e9b671a4b6446497108570791dd07a3f5196b89f9699f73ea9732877ce43a24f4253260223457c88f64971b75e4a8bf3918a5e508ddd7a10a9bc5aeabc762fe18d6ab70d68fabd7b4fe5d7a738beca4b2a09cb1b3cefb3c676e8bd869cb7fa3ccd97156aab478b4980c374790715e9b2649a232dc2223326cf89a97ad96cc93adf6dec61d61e0fc8b926e99d6ada147298fd2de5b336529ce11639a5469da967ed323d1116cf47a2ec6297ead3a9fca16064c7ac2c7d56668d129f19a5c879311a75d7dd753ccfefa9511248949f22def7b33f56dbc1c9463ee96557c416db76ab2e9736e498f7869237e4ad2b776a22edd88929d7b1243561a6d9d5aee8d36fbb9e6fd91d1dcf1e71369da3d3d52ee34f373c91a5159d9b4db94fdeb1849f8efd09aa6fb9ff9963c153f16b36c4b9082d9c66e5ba95abe42529a22dfce6427bba6d4b8ac9ae49b6aeba448a6d4a22b8bd1df2d197b0c8cbb19197723233232f231b4705e65c8f13385b5529b77d5a77d5aac310e735225b8b6df6df7090ada0cf5db96cbb76322d0a63adbc7746b9eaf8d6a32194b32aa57047a048791d94b61f56cb67fd534ab5ece6af68c2ec685e5bcab5b269c5f46f392569f16eb5c31ad51d2f5f9c2ad3ab073528c795c5a4de31e2b6f7ee9fb099714f4a396b2d525370d221c2a5d25dfbccca9b8a6c9fd79a9094a54a32f974447ea31d8e43e8cf33e3fa43f5e3894fae418a8371e552de52dc6905e6a36d694a8c8bfabbd798ae3ac0aecfc79d3e3f06d175ca593cf44a62170ccda3658df74a4d3f725c51c7b7a8f4260c47d6c5e98cad1fad3ab510ee84b6f38a624cda8ad2e34d19169bfb8519911928cb67f85af222192bd9d85acd50acde719cfb7dc47e8fc53c63c47425ad6991a6e929f2aa4f66e2b1bf3b6b7dff5c781a32ccb26eac835e8f6c59f459153a8c8d9a596b44494979a94a3d12525eb333221bf98f73fb333b07d21ead5b0c4832dfa32a5bc665f21a89a32dfcdb2f946eee85691479d6d5e39221d258852abb5d9096d941f228d192495b6c24f45d88dd57b37a4fb04a392b37e4e7b31d6ee98d7955a2bf02aef221b4dc9709965a6dd324364def871d111196be377def6631fd8ed6d2de156e13939796db1232e27e22e24d62e74dd1a50a11b74b99c973372f2d9e12ce56567a677ce0eaae0c7376e18baddb7b23d2dda49d461c88cccc4fdb5a342d269f150a4ef9276644a22f8c4952bb6cc88f97902eba55462d45e6aa719e7aa0db91da8b15c71d4a50b9a523c752d7e47c529470df63351e925d8ed3eaf28b4cbe3a6b9175cd8e84cea6b50ea7196a2eeda96a42569dfb0d0e28b5edd7b079b8306a14beef9f634f78b5944a7046a7fc6b6ab53bc8f2d6a3271925d1b587959cbc3caf1f77b400021cf4f0000000000003d1db98c8fa0f6345fe86c0fd8b43ce21e98fd6c572f5e8ce976b5b104e5d4e7da14f6a3b1e2251cd7e0367ae4b3222f2f598e83434dc2b25f859e2fe96aa4285ce9556abc45564db7b24938e5b223e96e645839f6ce9736436c30dcb74d4b714494a7ed0e7999f62176677c658b33d46a444af6416e9e5475bae3470e6b1b51b84923e5cb7f8a5e4228fb0d7a91fe8d97fad21ff143ec35ea47fa365feb487fc50b395c5ad19509d0724de7a3fd8b389edb42e20d568eaf6bacd3a3529c79562517e2f7de4bc1e3a155e2fc13d3de04b83df05791db952e234b430fd4aa5192d47e4934a8d24924fc6349997733ec67d84ddd6566fb6f305e74b83683a726916e32f34dcd349a4a43ce9a4dc3491f7e244841119f99efd5a33e93ec36ea477af7b75feb487fc5196e3fe83b2f5c15560af86a2db34c4ac8e42ce4b7224293eb2425b35277f2a945af97c864aceeae297d968d0e58bf63fab3574ba5c39a1ea3fc41aa6b11b9ad08b4bbcb2961ad926dbd9bc636ddec6e5f73be952a2e3ab9ab0fb4a43132a9e1b2a32ecbe0d279197c9b56be72311665198cd47265dd508ab25b32abb3de6d45e4695485991fe6317b670c976574bd8859c7362a9b66b0f43544a54642894e344bdf396e9fce6a56cfee97f26f5e7119ecf92bcc61d5a51a1429d9a7971ebf1247d1ad2adabea97fc4d3838d3aed2827d5c578fd3e39f22ebf73eabf43a4e3fb923d56af0e1adcac724a5f7d2d999780df722331d8de7d23e11bd6efabdd93f2b4a65fac4c7263ad313a2704a96a33324ed267aefeb187746382314e52c6f55ae5f76a37549d1ab4ec56dd54979b34b44cb2a24e90b22f35a8fcbd6281fb0efa73fe8e19ff00ce95fc412f6b6f3af674e13845a5d32dfec7997126b567a3f135e5c5adcd6a55252c4b96106b6c746e69fe48e8a9b7974fdd2a63a72dea4dd51e51b7e248f4644b4499d35f51116cd28ec5be292de9292222f21a67a18bce04dc8791ae5afce894f72b2a6a67175f4a13e22df796a24f232deb90cb2261ac213730d571c318561fa0d264b51dd9a732aab52b9c3448df2436a61b32e7c74b79267aede644795d8dd3974ef77b35b79ec531a29d26af2e96492a9c957884cab892fef85adfb05fd95c4eac250e54a19496fee7e060fbc344b3d36ee85c76f2ab72a129546a0de1be6585cfe3e3bfcb1824eeb36743a8f5035d97025b32585b10c89d6964b49e9846fb9761bdfa46cf163d7b1b7bc8e40a9c6812a3b2ec38a729d26db9b15d357dac967d8969e469e3eb2e3adf7d7cf1b639c0d7658f59bf2bf84a3c0a7d2a98754f0d8975535b89242d6694adf6da6ddec83eedad65dcb7ad96f27b43a70c5f5f833d354c2d6e429e74e6aa54d6d8b9653c859384ad21e2ecb468d2446e252a49ecf5dc8c86adbdadc53b9773069f3676dfa3f81d0eb5c49a1dde834f42bba75632b7e48a9ff2d3528ac26973efb754bc3c7c4e8ec0e8aadfc639022643b8f24449741a14829d11b71926546a4f76cdc70d5c48907a3ec5df5ea1acfabeea3e977dde142a4e3c9e9914fb4e57a726723e33722691971347b52824f657acd47aec4467b198c5188dac3f53c9b5ac25456ce24b38b121b15d9eea56652fd15c52ccc88cbe311a88924a332f97b0fee938bf02cbb02b1784bc2b012fd2abd16886cb5579be1bbe33f19b370bc424388d7a47dca9047b6fd86462ea96f3ecbb0b6c413ef3de4de3e5ec35b4fd6ed56a4b56d6dd5b99d37d947bb4e314decd614de5f7baf4dfd9b67af5cb60758b84a45ad4eb8a352eb529b65c7a32d44a7a04a6d44aee8d91a9066465c8bcc95ea3ec5d250712e05e9a31a3e9cb4edb7705494e3b254fcc80cadf7d669224b31db5f25196925dbcb66a33d119eb8556c1b85d9bc2a545a0e1aa33d4fb757011559336e19315c3395dcbc04999a4f8a4c8fe3293c8cf8977ee3f2e7c59d30dbd972838ce463188e1d5509f4b96bac494ae3bce939e8c924789b5f3361c233fc13537f8c365c66df6b38c5cd7773978ebe58f320695cd9c13b0b4ab5e36926eaba6a34f992493f5fb4ca5cad6135bedb366b9e917a91b52d3b8ee5b52ee546a0d1ee5a9bb54a7ac889b8d0de70f4a64f5a2420d248223ec45c3d5b1985d5d0d5bd785ff002afaa7e468cc5b15798aa8c88e86496e2096ae6b4b6e92f8f13333d28cbe291f91ebbe756d74dfd3ad7aeabb2dc5e2b8cc7d6d4e8f112e154a528df27223323919789db5e36b5dfcb632a2e8ff00a754a4db2c76ce8fb997a7cad7ed05b46cab4e92a770a3349bc6ed7e86c6a5c5da659ea53bed1a75ada55631525c94e69a6961accd61e30f3beff1346f59fd4159d26ca4e1ab0ea91ea4e4871afaa4f45512da8ed34a2525a25976351a929de8cf449511f731120f413a89e99b08d93866e7ba2d9b1d9855383192b8ef94b7d46833710467a52cc8fb19f990f3ec40eb70ad1b8cd6c65adb1e08f64f44b71a5d6d1650d2e33c466f9dcf09ca4d26decdac63097bbe20000431ea400000000000052f66f5d57ed976951ed08368d11f8d4782c4169d754ef35a5a41208cf4ad6cc8bd426801b36d7556d5b749e3241eb7c39a67114234f52a4a6a2f2b39d9fc1a2b0f844725fe45dbff00a6f7d30f844b25fe45dbff00a6f7d312780d9fbdef3f1b39eff0c7853fe247e72fdcac3e111c95bd9d956f1ffcef7d31d15d1d7be6bae455c4a447a2d08965af1a347538f17cc6e29492fd113600a3d5af1ac3a8cc947d1b70b509aa90b38e579e5af936d1cdacd6eaf7154dfad57aa7267ce92ae6ec892e1b8e2cfe5331c20011f294a52e691db52a54e8c153a6b962bc0dd984baa7bb7075b12ad8a0dbf4b9ec4b9eb9cb7251b9cc94a4210645c5445ad365f9cc6c4f844b25f1e3f5976ffe9bdf4c49e037a9ea9754a0a9c27848e42fbd1ef0e6a5732bbbab6529c9e5bcbddfcca2d5d65d5d574b97a162fb68ab2f2d2eb9292f49252d69412126644bd1e90445dcbd43faa5f59b59a2d7655cb4bc616d46a94e5adc90fa1d93f6d5387b599a79eb6665e7a13900afde775d79bf2451fa3ee1e92e5950db1cbeb4fd55d17add3d9d0a22d9eb16a367b4fb16e62ab5e13325bf01d692e4834291f8bc54b32d773eda1f6b57ad1ac590524ad6c576b538e5a50978da53e666846fc346cd47a42791e925d8b67a22d89c4016a974b18974f62fd8a54f47bc3d5b9bb4a19e6c67329bce3a67bdbe3c32529f66e5c07403b5bdec2d7fa92a74df38bb7f87886f78a6afbaff005bf1be7091d6ddc326354623f8c6d75b55596cd42620cdfd3f219f0fc374fe379a7c067fed909ac057ef5bbfc5f42d5e8e786d3cab75d73eb4baecf3eb75ca4f3ec451757eb26a75eae46b92af89ed495518be1f07dc37f67e1af935c8b9695c566669e447c4fb9687d6775a75aa94a993a7e2cb51e913e43131f755e31a94fc7e1e0af972d91a7c346b5af2f9c4de029f79ddfe2fc9155e8ef87124950e9b2ef4b659ce177b6df0fde8a35beb3eb4d5d8edeed631b6915a7964b5cb4b92494b32689a2332e7a3f88449f2f22191fc22392ff22edffd37be9893c05d1d5af21d27f431d5f46dc355b1da5b670b0b3293c25d12dfa2f228bc91d6bdf7932c9aad8f55b568b1a2d55a265c75853bcd244a2576da8cbf044e800356bdd55ba7cd55e59d0e8ba069dc3d45d0d3692845bcb4b3d718ceedf82000035c980000000000000000000000000000000000000000000000000000000000000000000000000000000000000000000000000000000000000000000000000000000000000000000000000000000000000000000000000000000000000000000000000000000000000000000000000000000000000000000000000000000000000000000000000000000000000000000000000000000000000000000000000000000000000000000000000000000000000000000000000000000000000000000000000000000fffd9, 11),
(0x89504e470d0a1a0a0000000d4948445200000064000000640803000000473c65660000001974455874536f6674776172650041646f626520496d616765526561647971c9653c0000032269545874584d4c3a636f6d2e61646f62652e786d7000000000003c3f787061636b657420626567696e3d22efbbbf222069643d2257354d304d7043656869487a7265537a4e54637a6b633964223f3e203c783a786d706d65746120786d6c6e733a783d2261646f62653a6e733a6d6574612f2220783a786d70746b3d2241646f626520584d5020436f726520352e332d633031312036362e3134353636312c20323031322f30322f30362d31343a35363a32372020202020202020223e203c7264663a52444620786d6c6e733a7264663d22687474703a2f2f7777772e77332e6f72672f313939392f30322f32322d7264662d73796e7461782d6e7323223e203c7264663a4465736372697074696f6e207264663a61626f75743d222220786d6c6e733a786d703d22687474703a2f2f6e732e61646f62652e636f6d2f7861702f312e302f2220786d6c6e733a786d704d4d3d22687474703a2f2f6e732e61646f62652e636f6d2f7861702f312e302f6d6d2f2220786d6c6e733a73745265663d22687474703a2f2f6e732e61646f62652e636f6d2f7861702f312e302f73547970652f5265736f75726365526566232220786d703a43726561746f72546f6f6c3d2241646f62652050686f746f73686f7020435336202857696e646f7773292220786d704d4d3a496e7374616e636549443d22786d702e6969643a34334443453933313937434231314541413330434436443634423044463133392220786d704d4d3a446f63756d656e7449443d22786d702e6469643a3433444345393332393743423131454141333043443644363442304446313339223e203c786d704d4d3a4465726976656446726f6d2073745265663a696e7374616e636549443d22786d702e6969643a3433444345393246393743423131454141333043443644363442304446313339222073745265663a646f63756d656e7449443d22786d702e6469643a3433444345393330393743423131454141333043443644363442304446313339222f3e203c2f7264663a4465736372697074696f6e3e203c2f7264663a5244463e203c2f783a786d706d6574613e203c3f787061636b657420656e643d2272223f3e1976cc0a00000300504c544526a518fbf5fbe4e4e4cacacaf3f3f313900a3dbd29dbdbdbfef9fe1d9d132b9a27007800fffcff108e0888c785b9b9b9209e14b5e2af49bb39f0f0f0ecf5ebb3b3b3cae9c61a980fd5d5d597c79729b41416950c0083000e8c0636b62453b64bbebebec1e7bb66c65899d495fafbfaececec22a015fffeff018b00c1c2c186d27a59b8532fae1f28a81a34b423b9d7b9d0eacd67b4662cab1dd0d0d058c249dcebdc3aba27fbfcfa14940b029a002caa1d1b990f59ac5824a217c3dcc373c7687dcd7230af20f5f9f413aa00c5c5c5019200d2e3d20f8d083cba287abc768cd185f5f1f528a51ae4f3e20ca50023b20d0b9c01abdca313a20338b82613920b18970e29a02118ac021b9a1130b61b91d587198c1633b2223da23835b4240b930231b0204eb146e9e9e9f0f5f1aed4adf0eef04ba549a3cda36bc365e2ece323ab11d3ead31ba50b0c8a0438b8243fbd2b11990524a417d7edd4a5dc9d35b82134b222faf8faeaeceb32b12143af381dad0870b86e159c09dae7db21ae0c08880110940638b72591cb8d3bb9281db105fafbf95fbd59139509f7f3f7fefcfdf9faf9f3f0f33ab82719931437b42532b22135a32c078601a4d5a321a51129a91bf8f5f840c02b33ac2b098d0235b12515930c2caf192fab1e32b52032b022f8fbfaf6faf731ac2017a50539b728f3f6f4f0f2f23fbb2c3fbf2a29ab180b89041fa110fdfdfdfcfcfcf8f8f8f6f6f6f7f7f7f5f5f5eeeeeeefefeff9f9f9f4f4f42baa1b2baa1cfcfcfbfcfdfc2dad1d209f143cbb28efeeeffbfbfaf1f2f1f9f8f9f4f5f4f8f9f8eeefeefdfcfcedededf5f4f5fdfcfdfcf8fcfefdfe2dae1ef6f7f6fcfcfdfdfefd39b926b0b0b0f8f8f9f8f9f9f6f7f7f7f6f735b5242bab19a8cfa8eff0eff1f1f120921efcfdfdddf1ddfdfdfcedeeeeefedf0189f1037b725fefefdbcbcbcbbbbbbf5f5f718a009e7efe7d8eed93bbc262dab1cbee2be86bf862dae1c2fad1e2fa724f2f8f03bad31f4f6f6f9f8f827a915ebeceb0c8b020b8f03f7f7f6eef7edf6f6f7faf9fa66b0643cbd27e0e0e0efeeeeffffffffffff337128590000010074524e53ffffffffffffffffffffffffffffffffffffffffffffffffffffffffffffffffffffffffffffffffffffffffffffffffffffffffffffffffffffffffffffffffffffffffffffffffffffffffffffffffffffffffffffffffffffffffffffffffffffffffffffffffffffffffffffffffffffffffffffffffffffffffffffffffffffffffffffffffffffffffffffffffffffffffffffffffffffffffffffffffffffffffffffffffffffffffffffffffffffffffffffffffffffffffffffffffffffffffffffffffffffffffffffffffffffffffffffffffffffffffffffffffffffffffffffffffffffffffffffffffffffffffffffffffffffffffffffff0053f7072500000e9b4944415478dae49a7d5c14c719c70f0e72e01e1ee18c9cb0e0c9dbee195022443805950f9c670c022a08467c23d6d8c4f7c47c30be468d443451a236098d6d625a8d722fc06110cc615e7c39f2d224b595b44dca494d3e26b5a68db5ad0d7dec33b37b777bc7cb9d6dd33fda1fc7beccce3cdfdd999d9967665676ebbf20d9ff2ba425b857a1d12882d5df0da44bdea3d265f45685983887e54cafa640a5d205ff4721192a7930f45573864ad7f59f8168540ac1a6c35b4260704fc1bf0fd1c98929ce3180c8458daaf7df82f4280623381a448e7a70cca0109d060d3448c571348f38ce3b142059d5f22f4134722f04d7b7e01dee8b4e0085f65f80a824089af57f1d7ee7f4290909999999090953463f3a6a067d2657143cee09be4d88021fc3240a9fe1e4f007128e14ef28df515c1c1313534c8f1ecb1c7de75fc1130ddf34ed6d41742de0f420d24747a1d5b9df1efd8144df3e565cbe63dae4515e98bb6e03a272256cc58c1a95b9393fe6d4aaa38858756495a023abf0ece8aa6fe79697473d8a98562136802e2450c825007b963d2b2bcb4e10e5e58f1db9e38e3b8ea2e8e6a8fb0843579d7a223f6a26be03f65621be3c3830888e3010f214c0af13caf3579e3a75875408909c9d3a356d47511466da5398c49e7512148a40203a68a8ad4d4a4aaa0548dc5c7468daf85312796c7b346d7b79fee42cb0d3547650f4fa8768c164b6a16ec2b0cca2e2edb3b78f1775ca572408c3b78fff60cfdca267878392a43b7dd3a9a8f20751090cb31d86bf5634a6bb7bf6ecd91f108def57e40ac658d9fd6afeac4470d0bbb381dc3c3844050d66a230985974f8d5f8f86e2a81349bfe3e10a9f460f66cbcd8dd1ddf1dff6ab17e0a705692d606aa4121d8589178563b3caa5ffeec05543c113143ffe94e240b0778f5423c89f8ec0ff593394ab19ae06783406cc102e32624ea1f7eb1b272dd820563165cf0ab0518ad72ddba4efd32705830bd05ebcbc0102d98ad56ebbba761a67e7fe5a2eaeabd95959563021046abaeaefe519b7e997397052d5820b86920880eec248a95bb53bf3c0fb5087fd58168d12212372fef17862970f35db460f66a60a4908e2e68b47c6c6984b52597afb6b55d4d4d4dcd0b54183715937c63780e7e6eb1581a4dd20c9379bd5956725db9eb0ffa97c6b58d6b6b6bebc4a49d64e3de92bdb84915ae768ae7187d5cdb4b974bbec03b452ba0e917d20b0d2d8d8d8da761323fe1c48913e304b55d5d5e525232ebb5d47101e8c489970c5f3bcebd89109be40d93494b1d118d2ddc97fcf1b4b4b403070ebc8e7a65bffef9bb33778e9c25bbf2fa003ae1da6392b403aff143e120b103bd8d7d210a30b59c6d6c09b3cf31a4a5c9d204ce84e5fae92f6353fefe74fd04723ea8489ab4c28d86b51cc911abe7513c901e08696969390b435959ae8c8824d98f0549fc0680e74bd2fc8a262be417c341b414020a9b2fa4cae62457949fd76ccdcdcd5db3660de51886622f4efd9e4443a1ccafd6acc1b4c7f9b1f47e3dad8bccf36ab584a0e03e3605954b556858ef7226e0c7291b73fd2b2517d3f2ebe1209aea02ad2f44031d7821ec62f4c2c8f6f61441c70d8f881daba901dfb9c29440d4de3e919f448d39ed1a6f88066a3b3a423ab86d6c787824aa1d95c28f046716f64359b8e1ee355c6ef7afc8764ccc8e84a73bd09cabe865eedceac2e020e53eb6223c5ce044b6f3cf416d6dad8dfecec1623e253252b8226c45799fa02a16deb85789d6baa0c01b9241205d8e497ccdc48a0aca090fdfb8f011f8d0fc21e9224e9badb0848f0c0f44151513d9a1f49e9d368d14d26b32a9d5ea8bb0819988aa10b470ce831c69ecaca469363bde9b63a80844132746b3f3954fabd55d2162332973d5f60e843c1db48f8d2d8b261804451be62bc368ab6c25db9f630df235d7174010d1652fbcb04989f69abd212a686e56ab9553d9176263cbcacaa2a9f8f95c18b64216418d1c56a168ff2a2b8b8d8d6586c2453408f20609a40021cd6fc308a6341ba3100e8adf7730acd1ad16d864dc5ae65f247d2c93430c364393c203b1f40a61f730a1f5f5b194835a786313b4b814721072d8b2d800949d5d5fca0e391bf44673b345e8550488e6573664ec0e9bcf849696d6d7670baa61b17d700b96b05bb303517d7d69285f37350c2daa85429189b915d2d4d414747d1e1b114a3154d9cc0650e38b4dd40c8fb07c6c7d3f7247f7048486fe991dbb0b2d9e9142b4d0dcd4f4d9f94d5b08846004f1438282d454171fbf771e1b5b1a98422342e3981180902629a487862827b175c68808caa1daca2ce13e2585d5bcdb319fa90f0d5068228eb9cf41212a0f440567508e5f325be2080539f457cacce7ee27719b76ef5aca8446784988e2754e77b8371a8f317f8726342934c45208bec175717146a3d19df006f3102413c8a7e737d5b13e94816434c6c5ad60721c6f109372697611c8b911cc96157114232a829d7730e83ab996cc8d606e441803115a88ab73436c3e10f88aa93b762c4eaa087ceccf92cf242727ef86a58c312e30ad58718cc9091320669fec5262761d5bb1c22bfe16662cd047b91ef6f63c26225088e7494cbe65f21042e2bcf28b64d8efc2ce90624986490c1b3a70267936282cf85dff202675be65123696612982149e3182ecf00f9ba1fb9bf02d6efa0c963081143ec1d4613da6f72d79852fd1f72d6c2a8b10a34f1a52afbe47eacadb6a7c542f4a29cf307c3f5823be5d5f2929c4ab59e9c290a02a231be7551b69f5af63a7c21ba4da37ef26cfe2a993f5acf1ab0df31836dbb72e1a8d5b48356ef28664801573fdfea0218c8020cd4f2925e07f2c160b77b18bb46121307c1eb3b55e6877ea6fe04b019f7ff509c36797d22061431ead8e9da4f46d5692ab9c18f2862387314a9a2e97ca98f9a0ec222d71c76eeec1a50c1b5b4f1835cc7d70b643097f440c5b532f69bb42f175391384163be092a4d39293c6eb53ac28110451efd378d760e12b3b6883df05f010de3af61a65cc52384fc04af8db88211824462e25cd30b374971a2d9a2c195e7d3c79819463d93f8792eec4b71faa61ee016588d0793d0e7fbcef19865fcdec73706290121c2386b09e3eab3e141ff26dd20b6a1a25901eda3306ed7e862d25883e7d6a0d7b0f00f1d52d6470013f1d3a84fde427e8bc63d74fc25a9400395b5cbd6f76f60d76d22ef2d68bdeb0cce5409a69ff9bc3b87af8682f48742c9b03e0f6290082c63ee83ab50a4163594f27cf624744ed79792bb7144eeac2fc922d8d25beca445fa1c3363f09ac74004edc30bc750b9e58ddfff01c4f531177a50cab22fa2a6abbd008bb213d3434a8e319be8c20faf1d9c2d9216b4149a71cccc2d64ba2574630655bd949dc45ec4e9d1a9b17a4001ab11ea86183e0c0b93c4efa13d5cebf90c801fac57402c5f691cdf616d9d3d3b788ab2cf8a828769ff269ea17dce5ed0bd706033aaf1d3095df5a513180939bb290cd99019025ca6ea7b362649f94041f57acf6b8c223a82b5cebeb708b6efdfd70371b499cfa7ec70529c7f99aa13f067090414babc9a356070ce5716422b8f57c64d079ead467f80e82146027358b9bca6f8cf40c837c255bcdcfd936cc774afa3d78ff4b43051d0021279cdd46c7408dee91a967602a77922b6761279feb1ecff5a3c2d57cfb862f41cac1616ba26175616eae7023863961b42580a6aabe1030934b8eefaf5e2d8c4c0752e1658361f1b65f0beb0474defb8b9d86cb696b646be8a8319c5f42fdce96fe86d864d448c7d8db0cb97e06b96932bde1b72313d3cf11c2cb5f2edb6890a589c3df5c32c23e4dda1aa7adb71f881c6ca4253aef18e97fc87ee0c47ebd61e3d73b972d1bf97c8961ff04f738be70f5d6cfe900bbb1ff698f5b3a3aef817d4689ecc009bf9a70e59b59257a7dc9f26fdac8a93823719c9fc99da5569aaff70b91432d5e3e0b897af7f48d1f5db972c533774339fc64eef49b68e52de98497ef5454a3254c19356bc2383211753ba2a0092f19d673ca37697b291f60522d83b6ab5cfae56fae5eedcc4b4dcd4b75cf97e111394915435369a0b8c1d3ceab5709e9157de1351018ee8ad8e7ed7292661ba6eb1761c24503c97329cff52fdc4a27326690fbfcd852ebbdfc20f3ca2d14e6d66162a77aefdecacabd6483daebde9030d7e15efabfb75a00e6e5e9ff300ce868d9ec3331ecf52418e32f907eb8b3bada6b1675019db51d33e6826b4702e976c1850563d651707575a77efd358161058d7900880680f414985b9534b930e3eb9afa8d97c87322461a3366dd8b0feb773ae8a4329a68560c34c3ad021bc6d8e5883a5c299a8e3f14b3b7db6db0bb8f24a86767954c0717030a065c10c06ede6633738f1cfee13ab4dffde485e2fccddb3717ef79921a5c395b94384b2f4a80bd1aa37f711428cd22e3d2804b1b985b74c560bafe47ebf01936e73f113565d4b099dd4531d3c4f9ff7e971c3e58d9bde750d1e1295970932e39fca91f86b4d34ab2d5d63a9ceb67e5fdbebce889a8d1a3c804275c1b1d5314b37dfc766101c5b58ae201edd933b7e870423ac047b5b574d1e51ddd20cb4d0a67923d2b09d20d7afdf2cce9c349136ec79e1560c6e843453be25de6a50b41e3c74f5b595cb439613880e9293af3f63e04cb075938c3dc429326c76276f103e94e42107a6f8219969889b93777fc34374558093a549c5f7e64f45aec8e9348674fa2ca7b075b0254c16fb25a5b1d2f3f37159f816b25ca6a15f40e8033fd81a843e5f9e5c531731f239a1b13f3447e7e0c961a76294a8c68c29f097c1767fa3e896b3d9233f515c9bc19773e909019f524da8f99fbe491a884d133d7626c78c7ff82a9c74d853e961b401a48fb59eedab02fd2d3d3d7ceb8262cf99f33791070a9cacf02b30ade97da3f49094016e34f9a4e8a329d942e64730d4218fe4c27f15c2ef7bb54aef0f2719cc2f70219b7340578e06cf0238c93a1f3bfe89f21717008c094a112e78d35daaec139247a4141209f2fa8d08cc39504e42a690357a5d5d05002726024e1474e84d8bd5a4d601f62606e891f55980b7afaaedd6ab4f2d39ec2e0244583576a03fca444e3044a50ebb4037d505155a0d5694224056fe9c510c56d7c1c43be5470566975557e225729e43aadf69256ab2bd004faf58d0b8237d87ba9a0ebd677260251680bccdff95751d7836fddface21ff1b1f91fd538001000baf18b8cc9d4b7c0000000049454e44ae426082, 12);

-- --------------------------------------------------------

--
-- Table structure for table `category`
--

CREATE TABLE `category` (
  `id` int(11) NOT NULL,
  `categoryName` varchar(255) DEFAULT NULL,
  `categoryDescription` longtext DEFAULT NULL,
  `creationDate` timestamp NOT NULL DEFAULT current_timestamp(),
  `updationDate` varchar(255) DEFAULT NULL
) ENGINE=InnoDB DEFAULT CHARSET=latin1 COLLATE=latin1_swedish_ci;

--
-- Dumping data for table `category`
--

INSERT INTO `category` (`id`, `categoryName`, `categoryDescription`, `creationDate`, `updationDate`) VALUES
(7, 'Penerangan', '_', '2024-02-15 15:35:49', NULL);

-- --------------------------------------------------------

--
-- Table structure for table `orders`
--

CREATE TABLE `orders` (
  `id` int(11) NOT NULL,
  `userId` int(11) DEFAULT NULL,
  `productId` varchar(255) DEFAULT NULL,
  `quantity` int(11) DEFAULT NULL,
  `orderDate` timestamp NOT NULL DEFAULT current_timestamp(),
  `paymentMethod` varchar(50) DEFAULT NULL,
  `orderStatus` varchar(55) DEFAULT NULL
) ENGINE=InnoDB DEFAULT CHARSET=latin1 COLLATE=latin1_swedish_ci;

--
-- Dumping data for table `orders`
--

INSERT INTO `orders` (`id`, `userId`, `productId`, `quantity`, `orderDate`, `paymentMethod`, `orderStatus`) VALUES
(1, 1, '3', 1, '2017-03-07 19:32:57', 'COD', 'Delivered'),
(3, 1, '4', 1, '2017-03-10 19:43:04', 'Debit / Credit card', 'Delivered'),
(4, 1, '17', 1, '2017-03-08 16:14:17', 'COD', 'Delivered'),
(5, 1, '3', 1, '2017-03-08 19:21:38', 'COD', 'Delivered'),
(6, 1, '4', 1, '2017-03-08 19:21:38', 'COD', NULL),
(7, 4, '2', 1, '2024-02-12 20:09:54', 'Internet Banking', 'Delivered'),
(8, 4, '19', 1, '2024-02-12 20:13:37', 'Internet Banking', 'in Process'),
(9, 4, '20', 1, '2024-02-12 20:16:31', 'Internet Banking', NULL),
(10, 2, '21', 1, '2024-02-15 17:27:22', 'COD', 'Delivered'),
(11, 2, '21', 1, '2024-02-17 05:34:28', 'COD', 'Delivered'),
(12, 2, '21', 1, '2024-02-17 05:34:59', 'COD', 'Delivered');

-- --------------------------------------------------------

--
-- Table structure for table `ordertrackhistory`
--

CREATE TABLE `ordertrackhistory` (
  `id` int(11) NOT NULL,
  `orderId` int(11) DEFAULT NULL,
  `status` varchar(255) DEFAULT NULL,
  `remark` mediumtext DEFAULT NULL,
  `postingDate` timestamp NOT NULL DEFAULT current_timestamp()
) ENGINE=InnoDB DEFAULT CHARSET=latin1 COLLATE=latin1_swedish_ci;

--
-- Dumping data for table `ordertrackhistory`
--

INSERT INTO `ordertrackhistory` (`id`, `orderId`, `status`, `remark`, `postingDate`) VALUES
(1, 3, 'in Process', 'Order has been Shipped.', '2017-03-10 19:36:45'),
(2, 1, 'Delivered', 'Order Has been delivered', '2017-03-10 19:37:31'),
(3, 3, 'Delivered', 'Product delivered successfully', '2017-03-10 19:43:04'),
(4, 4, 'in Process', 'Product ready for Shipping', '2017-03-10 19:50:36'),
(5, 1, 'Delivered', 'done', '2024-02-12 20:01:52'),
(6, 4, 'Delivered', 'done', '2024-02-12 20:02:13'),
(7, 7, 'in Process', 'bukti tranfer', '2024-02-12 20:11:13'),
(8, 7, 'Delivered', 'nomer resi jne 1234353456', '2024-02-12 20:12:34'),
(9, 8, 'in Process', 'upload bukti tranfer', '2024-02-12 20:18:20'),
(10, 5, 'in Process', 'upload bukti tranfer', '2024-02-15 15:30:43'),
(11, 5, 'Delivered', 'resi 12243254', '2024-02-15 15:31:35'),
(12, 10, 'in Process', 'upload bukti tf', '2024-02-15 17:36:14'),
(13, 10, 'in Process', 'upload bukti tf', '2024-02-15 17:52:57'),
(14, 10, 'in Process', 'upload bukti tf', '2024-02-15 17:55:18'),
(15, 10, 'in Process', 'upload bukti tf', '2024-02-15 17:57:39'),
(16, 10, 'in Process', 'tranfer saya acc', '2024-02-15 18:41:25'),
(17, 10, 'Delivered', 'nimer resi 111111', '2024-02-15 18:41:44'),
(18, 12, 'in Process', 'good', '2024-02-17 05:37:00'),
(19, 12, 'Delivered', 'resi 121', '2024-02-17 05:37:22'),
(20, 11, 'in Process', 'upload bukti', '2024-02-18 09:07:07'),
(21, 11, 'Delivered', 'resi 1234', '2024-02-18 09:09:31');

-- --------------------------------------------------------

--
-- Table structure for table `productreviews`
--

CREATE TABLE `productreviews` (
  `id` int(11) NOT NULL,
  `productId` int(11) DEFAULT NULL,
  `quality` int(11) DEFAULT NULL,
  `price` int(11) DEFAULT NULL,
  `value` int(11) DEFAULT NULL,
  `name` varchar(255) DEFAULT NULL,
  `summary` varchar(255) DEFAULT NULL,
  `review` longtext DEFAULT NULL,
  `reviewDate` timestamp NOT NULL DEFAULT current_timestamp()
) ENGINE=InnoDB DEFAULT CHARSET=latin1 COLLATE=latin1_swedish_ci;

--
-- Dumping data for table `productreviews`
--

INSERT INTO `productreviews` (`id`, `productId`, `quality`, `price`, `value`, `name`, `summary`, `review`, `reviewDate`) VALUES
(2, 3, 4, 5, 5, 'Anuj Kumar', 'BEST PRODUCT FOR ME :)', 'BEST PRODUCT FOR ME :)', '2017-02-26 20:43:57'),
(3, 3, 3, 4, 3, 'Sarita pandey', 'Nice Product', 'Value for money', '2017-02-26 20:52:46'),
(4, 3, 3, 4, 3, 'Sarita pandey', 'Nice Product', 'Value for money', '2017-02-26 20:59:19');

-- --------------------------------------------------------

--
-- Table structure for table `Products`
--

CREATE TABLE `Products` (
  `id` int(11) NOT NULL,
  `category` int(11) NOT NULL,
  `subCategory` int(11) DEFAULT NULL,
  `productName` varchar(255) DEFAULT NULL,
  `productCompany` varchar(255) DEFAULT NULL,
  `productPrice` int(11) DEFAULT NULL,
  `productPriceBeforeDiscount` int(11) DEFAULT NULL,
  `productDescription` longtext DEFAULT NULL,
  `productImage1` blob DEFAULT NULL,
  `productImage2` blob DEFAULT NULL,
  `productImage3` blob DEFAULT NULL,
  `shippingCharge` int(11) DEFAULT NULL,
  `productAvailability` varchar(255) DEFAULT NULL,
  `postingDate` timestamp NULL DEFAULT current_timestamp(),
  `updationDate` varchar(255) DEFAULT NULL
) ENGINE=InnoDB DEFAULT CHARSET=latin1 COLLATE=latin1_swedish_ci;

--
-- Dumping data for table `Products`
--

INSERT INTO `Products` (`id`, `category`, `subCategory`, `productName`, `productCompany`, `productPrice`, `productPriceBeforeDiscount`, `productDescription`, `productImage1`, `productImage2`, `productImage3`, `shippingCharge`, `productAvailability`, `postingDate`, `updationDate`) VALUES
(27, 7, 13, 'Lampu PHILIPS NEW 1', 'PHILIPS', 40000, 50000, 'tesssss', 0xffd8ffe000104a46494600010100000100010000ffe201d84943435f50524f46494c45000101000001c800000000043000006d6e74725247422058595a2007e00001000100000000000061637370000000000000000000000000000000000000000000000000000000010000f6d6000100000000d32d0000000000000000000000000000000000000000000000000000000000000000000000000000000000000000000000000000000964657363000000f0000000247258595a00000114000000146758595a00000128000000146258595a0000013c00000014777470740000015000000014725452430000016400000028675452430000016400000028625452430000016400000028637072740000018c0000003c6d6c756300000000000000010000000c656e5553000000080000001c007300520047004258595a200000000000006fa2000038f50000039058595a2000000000000062990000b785000018da58595a2000000000000024a000000f840000b6cf58595a20000000000000f6d6000100000000d32d706172610000000000040000000266660000f2a700000d59000013d000000a5b00000000000000006d6c756300000000000000010000000c656e5553000000200000001c0047006f006f0067006c006500200049006e0063002e00200032003000310036ffdb004300030202020202030202020303030304060404040404080606050609080a0a090809090a0c0f0c0a0b0e0b09090d110d0e0f101011100a0c12131210130f101010ffdb00430103030304030408040408100b090b1010101010101010101010101010101010101010101010101010101010101010101010101010101010101010101010101010ffc0001108008c016803012200021101031101ffc4001d000100010403010000000000000000000000080203040701050609ffc40041100002020103020304030d07050100000000010203040506110712082131131441511592951617222332425254566181d2d3092453577191932637637382a1ffc4001c0101000203010101000000000000000000000103020405060708ffc4003311000201030302040404060300000000000001020304110512213141061351711422819107c1d1f03252536172b11516f1ffda000c03010002110311003f00f04003e647ee30000000000000000000000000000000000000000000000000000000000000000000000000000000000000000000000000000000000000000000000000000000000000000000000000000000000000000000000000000000000000000000000000000000000000000000000000000000000000000000000000000000000000000000000000000000000000000000000000000000000000000000000000000000000000000002f60e067ea7975e069983939b95736aba31a995b6cf84dbed84536f849bf25e89b24ff4f7c0aea7bd36568fbaf56ea05ba1656ab8b1ca969d6e86ec9e3a972e319395d07dddbdada715c36d7c39362ded2b5db71a31ce3f7dce36b1e20d3740a71a9a8d5d8a4f0b86df7ed14df67ce3045a06d8eb07879dcfd34ddeb6b6ddc4dc5bbab86257917e7e26ddbe14c2c9b97e29383b149a8a8c9beefcf4b8f23c47dedfa91fe5c6ecfb0b2ffa66352dead29384a3ca2fb5d5ec6f6846e28d54e325959e38f6786bea8f3c0f43f7b7ea47f971bb3ec2cbfe987d38ea424dbe9ceec4979b6f43cafe9987953f466c7c6db7f523f7479e0736c658f3b2bc884aa9d32946c8cd38b8493e1a69f9a69a7ca64a5d83e03770ee9da5a76e2dc9bf21b7f3351a6391f472d25e44e8ae4b9829cddd0e27c34dc7b7f05f972f82db7b4ad77271a31cb5fbee68eb1afe9da0528d6d46aa8464f0b86f2ffb28a6feb8c74f544590483dd9e1cba37b2355cbd0b71f8a0d3b1f52c1f2c8c486df95b6d72ed5251928643ed934d793e1f9a31fa15e11b7275976bcb79ea1b921b6b4abac95780e782f26dcbed7c4e7dbed20a30524e29f2db719792493958b4fb8753ca51ccbd134fa7af3c7d4d2978bb47a768efea5571a4b1f34a15239dd9c6dcc5396526fe54f0b9784684049fdcde0ff00a6fb2f3a1a5eeff143b7745ccb2b57471f3f069a2d706da52ed9e5a7c369f9f1c793f9189a37856e91ee2d531b43d03c586d6d4751cc9baf1f1317128b6eba4936d4611cb6e4f84df92f44d99bd32e54b6b4b3fe51fd4a23e37d1274fce8d49386339f2aae31eb9d98c11ac12cb74f80fc2da3b6756dd5aa758f8c4d1f0afcebff00e9fe1b855073697f79f5697044a564784a728c65c79ae7d1945cda56b4695658cff74ffd1d3d1bc41a7788213a9a6d4dea2d26f6c972ff00c92cfd0ac19981a2eb5aac673d2b45d433a35b4a6f1716cb945bf44dc53e3f8995f71fbc3f6435dfb32ffe5285093e523a92af4a0f6ca493f747520edbee3f787ec86bbf665ffca3ee3f787ec86bbf665ffca4ec97a18fc4d0fe75f747520cbd4346d674955cb56d1f3f055adaade562d94a9b5ea977a5cff033b0b64ef6d4f16bcfd3765ee0ccc5b977557e3e95916d762f4e6328c1a6b9f9321424de122655e9422a729249f7cac1d303b8c0d99bcf56bf2b1349d99b833efc0b3d965d589a5e45d3c7b3f42c8c20dc25e7e92e19896e85aed1ab3d02fd0b52ab555250781661d91ca5271ee49d4e3de9f6b4f8e3d1f236492ce02af49b7152594b2f95d3d7d8c2077df7bfea07ec0ee7fb1b27f907deff00a81fb03b9fec6c9fe427cb9fa330f8cb7fea47ee8e8419baa687ae6873aead7344d474d9dc9bae39b89650e697ab8a9a5cf1caf4f998462d35c32f84e335ba2f2800019000000000000000000000000000000000000000007bee846b5bbf46eaae831d88f161acea7931d329bb23195eb1e174946cb545bf27187736ff0047bbe67d4fb6dae8aa775d64615d71729ce4f8514972db7f03e72782e9edcabaf7a6ddb83269a6d869f96b4b76c9454b364a30514dfe73a657f0be3febc13e3a9bb6355de9d3ddc3b4744d521a6e6eb1a75d854e54e2dc6b7645c5f3c79f0d36b95e6b9e51eb742528dace6b9e7a7b2fcff43f3d7e2b4e957d72dede6b62dab33c76949fd5a8a5f76c855b83c78f5627aeea33db187b6a3a33cbb7e8ff0079d3ee95cf1bbdfb2736ae5cc9c786fc979bf4373edbd67c756e3d268d5a7a2f4e3465911538636ab564d790a2fd1ca15ce7d8dafcd93525e8d27ca345d5d0487413abfd38bfaa5baf40bf4ed4b58f6a9512b146a5476ca165aec8c63187b69509b6f8f37cf926c9ff00664d3763cbddb3a984ac83f676292924daf2971cf9fcc69f4ae6bb9fc4d49269f44febff0084f8bef746d2a9db2d16d294e1522df9928369e1edc2e9ca69eeebd8d0f657e3a941fb1bfa3ce7c7e0f72cfede7f7f0b9e3fd0dfb8eb2163d4b2e55caf508fb575a6a0e7c79f6a6db4b9f4e590e3a57e147aa785d57c1dddd57ddfa6ea7a6e9d992cfbecaf55bafbb51c88be6a6e32824a0e7c4e4a4fd23dbc34f9524facdbea9d81d2bdcfbb69cbaa39383a75bee8dc979e4cff001742fe36ce0bf89bb6739c69cead652497f33cf0bbf43cbf88ed2debde5bd869f3a55252c734a9ec5ba4d2516f73ce3e98cfaf4d07bbfc28efbdf5e232fea3eb6b6ed7b4f2758c6cbbf1ebcab1e45b8d4555c7b655fb2ed6ec752525dfe9393e795c12ce4da4dc572f8f25cfa90bff00b3ef6dbf7add7bdb36f6e34558fa3624acb1b7cbfc6debcdfc9639b43c6af502cda7d1c9695a56a16519fb8f3e9c1aecc7b7b6caea83f6d6c934f949aad41f1fe2229b3ab4a8dacef36e3765be73f92ee74bc47637ba96bb6de1b7594d5250a71928ed496136dadd2cb51c65e79c1a1b5af04de203736bb9fafeb1aaed08e5eaf996e665591d4b227db3b6c739b49d0b9e1c9f0bcbd12f22746dbdbfa66d4dbda6ed9d1a854e0e9589561e3c17c2bae2a31e7e6f85e6fe2c803e0f70f70ef2eb669f7ea5b8354bb4ed0316fd53221766d92aa72495554249cb87f876a9a5ff008d9313c456fcaf62746374ebb8b9718664f09e0e1b8497746fc86a98497ef8b9f7ff00a4595e96e853a33ba8c5af779e9cfa237bc771d52f353b5d06bd58d47c61460e2939bda935ba59c249af44c8bbd5af0b9d7fea1f52f72ef77a2e92a9d533ecb31fbf548292c68255d0a5f26aa857caf83e4b5e053607d2bd52d6378e4fb1bf1b6ae24b1f1eeadf7d73cac872829d73f4925542ef35f0b22fe3e71a7e91d47b7b3e91cb71e38e1df3f4ff0073e80781bc4db5a7744e191a76a78b6ea3a86a79593aa54ad4e745aa5ecab84973cc7f155d724bd1f7b6bd4e669ea8dddec6714d63327979cbfb2efc9ee3c5f3d43c3fe19a96f56a466a4a14a1b20e3b63879ce672ce62b6ae98cf7c97bc6fef0b36f745acdbf84ec79bba73e8d3ab857e7375c5fb5b385f15255aadff00ec2eee8d9fb5fa1be17b33dbe85a459ab68db7bddfdeadc3ae729ea5745414f96b97cdf6f3c73e9e46c0ea17493627537706d7dc7ba6ecab32368e5cb3306aa72fd9d339b9d53e2d8fe7aeea6b7f0f46bd1b4f27aafd38db3d60d9f6ecadc9abe761e0dd7d5913b34fc8aebb5cab977457338ce2d73f071f823bd56dea4aa55abc65c711fdfb9f24b2d66d285a58d8372508d5752b6175e524973ce20beecd75e0a7667dca74370352bea70c9dc99576ab673e6fd9b6aba7cfe4eaaa12ff00ed9ad77bf892ebc6b3d72d77a63d17d374cd4ead3f2a5898f54b095934e984639165964a718c231bbbe3cbe17e4ae5b6b9913bab7c74f7a1fb0212cdd530b070744d3e38da760bbd3b6f5557db5535479ee9c9a8a5e5fbdbe126cd2de03b1346bb65ee6de5999f8f93b9b58d6a6b53b1c92b2105153826bd5294ecb67cfc7bb8fcd35ea41c7c9b1a53db8596d75c25f9b3b169710aeb51f145f5b2aaa5251a719acc774e59cfb42292ebdd2cf3932bdb78f7f2fee9b0ff00dd7f31b03a3d67896b359cc5d68a76957a44715fbb7d1aa6f2a591df1e396a4e0abedefe795cf2e3c797279ef15fd35ea775576fe8ba3f4e35ec3a7128c8b67aae0db9cf1bdeb951f6527249a9460d4f983f26e517e6e2b8eefc347479f4576159a56b99f8393afea9952cbd4aec6b9d95ae3f06aaa12928b718c173e8bf0a73e3c99652a752175b3e7715ddcb87f4c73f7352faeecee342f896ade35a6f0a9c293538acf572dff2f0b3fc2faa59cbe3b4f119d3bd77aa9d24d5f656d8a34c9ead996e2d98b3d42d955554ebbe1394bbe309c93ec8ce2b88fe771e8d9e9b6ae8fa5f4cba73a668b91915d381b6748aaabef7f92a1454bbec7f56526696ea45bf7c0f16bd3fd950bb9d3b65e9d76e5cee27c45db2925527fbe33af1df9fc2c67a0f185bdeadadd09d6f1b1b2ab597b8275e8b4a52e7ba36b6ee5ff042efff000b5d6846556e71cc563df1cffb7834a9e9d755e9e9fa26fcaaf2f33097f0ef7b136f2f3f247774584fb9a72bf1e1ac666bbf43ec1e8f624e9d4737b30a8b331c7272aeb67e4e50aebed564e52e5a4e5e6ff29fa9b4bc2d6c4dd58da86f6eacf5236e5fa56e6ddbabcfb31f261f8cc7c38fe14611e7cd45ca6e3fbe34d6dfa23e7ae0ea3a9691994ea7a3e7df839d8b35663e4d173a6754d7a4a334d38b5f34fc8fae7b434cb745daba3e917eaf7eab6e160d14599f7df2bacca9c6094ad94e4db93934e5cb7f1399a456a97d51cebcb3b3a74c73c7ea7b6fc43d3acbc2b651b6d329282b8e24f32726a0d4b196dac37b73ddfb2341f898defe25b46ddd81a4745b40d5be88ab4f8df959d87a4d599edb22764d7b3fc6426a3d91845f925cfb47cf3c2313c35ee5f159b877cdf0eadd1a8d3b6e8c1b2763d4b48a30e52bdca2ab8d4e15c2527f94dfac525e7c3713cb6ece8178c9d7b74eafade3756e9c6a33736eb71e9c5dd39f8f5554b9b75c235c2a518250ed5c2f97ab7e6fac5e1bfc6873ff0079acfe3bc752fe9994a771f11e6eda98cf4cf1f62ba56da37fc42d3fcfb45371c39b8b734df2deeeb9f47dbb2ec773fda11ba71e3a76d0d8f5c612bedc9bb58b65c2eeae15c1d35af9f1276d9ff190c0cfd6b72ee1dd7970d57736bfa9eb1971aa34c32350cbb322d8d69b6a0a536da8a7293e3d396fe6601e7afae7e32bcaae3193ebbe17d0ff00ebba5d3d3dcb738e5b7eadb6ff003c7d0000d53d0000000000000000000000000000000000000000007128a92e24935f2671d91f915000e1452f445bf76c6fd5ebfa88ba0809b45af76c6fd5ebfa88e6345106a50a6116bd1a8a45c0304ee7ea513aaab1f36550935f38a6215555f3eceb8c79f5e1705601197d0a675c2c5c5908c92f9ae4e234d307dd0aa117f35148ac0197d0144e9a6c7dd655093f4e5c532b0484f05af76c6fd5ebfa887bb637eaf5fd445d046113b9fa94429a6b7cd75422dfc545213a6ab3876571971f35c958032fa96bdd71bfc0afeaa1eeb8dfe057f551740c21b9fa947b1a7b143d943b579a5dab810a6aadf35d508bf9a8a45600cb050aaad2e14124be08ac12414fb387e8a1ece1fa28a81032c000900000000000000000000000000000000000000000000000000000000000000000000000000000000000000000000000000000000000000000000000000000000000000000000000000000000000000000000000000000000000000000000000000000000000000000000000000000000000000000000000000000000000000000000000000000000000000000000000000000000000000000000000000000000000000000000007ffd9, 0xffd8ffe000104a46494600010100000100010000ffe201d84943435f50524f46494c45000101000001c800000000043000006d6e74725247422058595a2007e00001000100000000000061637370000000000000000000000000000000000000000000000000000000010000f6d6000100000000d32d0000000000000000000000000000000000000000000000000000000000000000000000000000000000000000000000000000000964657363000000f0000000247258595a00000114000000146758595a00000128000000146258595a0000013c00000014777470740000015000000014725452430000016400000028675452430000016400000028625452430000016400000028637072740000018c0000003c6d6c756300000000000000010000000c656e5553000000080000001c007300520047004258595a200000000000006fa2000038f50000039058595a2000000000000062990000b785000018da58595a2000000000000024a000000f840000b6cf58595a20000000000000f6d6000100000000d32d706172610000000000040000000266660000f2a700000d59000013d000000a5b00000000000000006d6c756300000000000000010000000c656e5553000000200000001c0047006f006f0067006c006500200049006e0063002e00200032003000310036ffdb004300030202020202030202020303030304060404040404080606050609080a0a090809090a0c0f0c0a0b0e0b09090d110d0e0f101011100a0c12131210130f101010ffdb00430103030304030408040408100b090b1010101010101010101010101010101010101010101010101010101010101010101010101010101010101010101010101010ffc0001108008c016803012200021101031101ffc4001d000100010403010000000000000000000000080203040701050609ffc40041100002020103020304030d07050100000000010203040506110712082131131441511592951617222332425254566181d2d3092453577191932637637382a1ffc4001c0101000203010101000000000000000000000103020405060708ffc4003311000201030302040404060300000000000001020304110512213141061351711422819107c1d1f03252536172b11516f1ffda000c03010002110311003f00f04003e647ee30000000000000000000000000000000000000000000000000000000000000000000000000000000000000000000000000000000000000000000000000000000000000000000000000000000000000000000000000000000000000000000000000000000000000000000000000000000000000000000000000000000000000000000000000000000000000000000000000000000000000000000000000000000000000000002f60e067ea7975e069983939b95736aba31a995b6cf84dbed84536f849bf25e89b24ff4f7c0aea7bd36568fbaf56ea05ba1656ab8b1ca969d6e86ec9e3a972e319395d07dddbdada715c36d7c39362ded2b5db71a31ce3f7dce36b1e20d3740a71a9a8d5d8a4f0b86df7ed14df67ce3045a06d8eb07879dcfd34ddeb6b6ddc4dc5bbab86257917e7e26ddbe14c2c9b97e29383b149a8a8c9beefcf4b8f23c47dedfa91fe5c6ecfb0b2ffa66352dead29384a3ca2fb5d5ec6f6846e28d54e325959e38f6786bea8f3c0f43f7b7ea47f971bb3ec2cbfe987d38ea424dbe9ceec4979b6f43cafe9987953f466c7c6db7f523f7479e0736c658f3b2bc884aa9d32946c8cd38b8493e1a69f9a69a7ca64a5d83e03770ee9da5a76e2dc9bf21b7f3351a6391f472d25e44e8ae4b9829cddd0e27c34dc7b7f05f972f82db7b4ad77271a31cb5fbee68eb1afe9da0528d6d46aa8464f0b86f2ffb28a6feb8c74f544590483dd9e1cba37b2355cbd0b71f8a0d3b1f52c1f2c8c486df95b6d72ed5251928643ed934d793e1f9a31fa15e11b7275976bcb79ea1b921b6b4abac95780e782f26dcbed7c4e7dbed20a30524e29f2db719792493958b4fb8753ca51ccbd134fa7af3c7d4d2978bb47a768efea5571a4b1f34a15239dd9c6dcc5396526fe54f0b9784684049fdcde0ff00a6fb2f3a1a5eeff143b7745ccb2b57471f3f069a2d706da52ed9e5a7c369f9f1c793f9189a37856e91ee2d531b43d03c586d6d4751cc9baf1f1317128b6eba4936d4611cb6e4f84df92f44d99bd32e54b6b4b3fe51fd4a23e37d1274fce8d49386339f2aae31eb9d98c11ac12cb74f80fc2da3b6756dd5aa758f8c4d1f0afcebff00e9fe1b855073697f79f5697044a564784a728c65c79ae7d1945cda56b4695658cff74ffd1d3d1bc41a7788213a9a6d4dea2d26f6c972ff00c92cfd0ac19981a2eb5aac673d2b45d433a35b4a6f1716cb945bf44dc53e3f8995f71fbc3f6435dfb32ffe5285093e523a92af4a0f6ca493f747520edbee3f787ec86bbf665ffca3ee3f787ec86bbf665ffca4ec97a18fc4d0fe75f747520cbd4346d674955cb56d1f3f055adaade562d94a9b5ea977a5cff033b0b64ef6d4f16bcfd3765ee0ccc5b977557e3e95916d762f4e6328c1a6b9f9321424de122655e9422a729249f7cac1d303b8c0d99bcf56bf2b1349d99b833efc0b3d965d589a5e45d3c7b3f42c8c20dc25e7e92e19896e85aed1ab3d02fd0b52ab555250781661d91ca5271ee49d4e3de9f6b4f8e3d1f236492ce02af49b7152594b2f95d3d7d8c2077df7bfea07ec0ee7fb1b27f907deff00a81fb03b9fec6c9fe427cb9fa330f8cb7fea47ee8e8419baa687ae6873aead7344d474d9dc9bae39b89650e697ab8a9a5cf1caf4f998462d35c32f84e335ba2f2800019000000000000000000000000000000000000000007bee846b5bbf46eaae831d88f161acea7931d329bb23195eb1e174946cb545bf27187736ff0047bbe67d4fb6dae8aa775d64615d71729ce4f8514972db7f03e72782e9edcabaf7a6ddb83269a6d869f96b4b76c9454b364a30514dfe73a657f0be3febc13e3a9bb6355de9d3ddc3b4744d521a6e6eb1a75d854e54e2dc6b7645c5f3c79f0d36b95e6b9e51eb742528dace6b9e7a7b2fcff43f3d7e2b4e957d72dede6b62dab33c76949fd5a8a5f76c855b83c78f5627aeea33db187b6a3a33cbb7e8ff0079d3ee95cf1bbdfb2736ae5cc9c786fc979bf4373edbd67c756e3d268d5a7a2f4e3465911538636ab564d790a2fd1ca15ce7d8dafcd93525e8d27ca345d5d0487413abfd38bfaa5baf40bf4ed4b58f6a9512b146a5476ca165aec8c63187b69509b6f8f37cf926c9ff00664d3763cbddb3a984ac83f676292924daf2971cf9fcc69f4ae6bb9fc4d49269f44febff0084f8bef746d2a9db2d16d294e1522df9928369e1edc2e9ca69eeebd8d0f657e3a941fb1bfa3ce7c7e0f72cfede7f7f0b9e3fd0dfb8eb2163d4b2e55caf508fb575a6a0e7c79f6a6db4b9f4e590e3a57e147aa785d57c1dddd57ddfa6ea7a6e9d992cfbecaf55bafbb51c88be6a6e32824a0e7c4e4a4fd23dbc34f9524facdbea9d81d2bdcfbb69cbaa39383a75bee8dc979e4cff001742fe36ce0bf89bb6739c69cead652497f33cf0bbf43cbf88ed2debde5bd869f3a55252c734a9ec5ba4d2516f73ce3e98cfaf4d07bbfc28efbdf5e232fea3eb6b6ed7b4f2758c6cbbf1ebcab1e45b8d4555c7b655fb2ed6ec752525dfe9393e795c12ce4da4dc572f8f25cfa90bff00b3ef6dbf7add7bdb36f6e34558fa3624acb1b7cbfc6debcdfc9639b43c6af502cda7d1c9695a56a16519fb8f3e9c1aecc7b7b6caea83f6d6c934f949aad41f1fe2229b3ab4a8dacef36e3765be73f92ee74bc47637ba96bb6de1b7594d5250a71928ed496136dadd2cb51c65e79c1a1b5af04de203736bb9fafeb1aaed08e5eaf996e665591d4b227db3b6c739b49d0b9e1c9f0bcbd12f22746dbdbfa66d4dbda6ed9d1a854e0e9589561e3c17c2bae2a31e7e6f85e6fe2c803e0f70f70ef2eb669f7ea5b8354bb4ed0316fd53221766d92aa72495554249cb87f876a9a5ff008d9313c456fcaf62746374ebb8b9718664f09e0e1b8497746fc86a98497ef8b9f7ff00a4595e96e853a33ba8c5af779e9cfa237bc771d52f353b5d06bd58d47c61460e2939bda935ba59c249af44c8bbd5af0b9d7fea1f52f72ef77a2e92a9d533ecb31fbf548292c68255d0a5f26aa857caf83e4b5e053607d2bd52d6378e4fb1bf1b6ae24b1f1eeadf7d73cac872829d73f4925542ef35f0b22fe3e71a7e91d47b7b3e91cb71e38e1df3f4ff0073e80781bc4db5a7744e191a76a78b6ea3a86a79593aa54ad4e745aa5ecab84973cc7f155d724bd1f7b6bd4e669ea8dddec6714d63327979cbfb2efc9ee3c5f3d43c3fe19a96f56a466a4a14a1b20e3b63879ce672ce62b6ae98cf7c97bc6fef0b36f745acdbf84ec79bba73e8d3ab857e7375c5fb5b385f15255aadff00ec2eee8d9fb5fa1be17b33dbe85a459ab68db7bddfdeadc3ae729ea5745414f96b97cdf6f3c73e9e46c0ea17493627537706d7dc7ba6ecab32368e5cb3306aa72fd9d339b9d53e2d8fe7aeea6b7f0f46bd1b4f27aafd38db3d60d9f6ecadc9abe761e0dd7d5913b34fc8aebb5cab977457338ce2d73f071f823bd56dea4aa55abc65c711fdfb9f24b2d66d285a58d8372508d5752b6175e524973ce20beecd75e0a7667dca74370352bea70c9dc99576ab673e6fd9b6aba7cfe4eaaa12ff00ed9ad77bf892ebc6b3d72d77a63d17d374cd4ead3f2a5898f54b095934e984639165964a718c231bbbe3cbe17e4ae5b6b9913bab7c74f7a1fb0212cdd530b070744d3e38da760bbd3b6f5557db5535479ee9c9a8a5e5fbdbe126cd2de03b1346bb65ee6de5999f8f93b9b58d6a6b53b1c92b2105153826bd5294ecb67cfc7bb8fcd35ea41c7c9b1a53db8596d75c25f9b3b169710aeb51f145f5b2aaa5251a719acc774e59cfb42292ebdd2cf3932bdb78f7f2fee9b0ff00dd7f31b03a3d67896b359cc5d68a76957a44715fbb7d1aa6f2a591df1e396a4e0abedefe795cf2e3c797279ef15fd35ea775576fe8ba3f4e35ec3a7128c8b67aae0db9cf1bdeb951f6527249a9460d4f983f26e517e6e2b8eefc347479f4576159a56b99f8393afea9952cbd4aec6b9d95ae3f06aaa12928b718c173e8bf0a73e3c99652a752175b3e7715ddcb87f4c73f7352faeecee342f896ade35a6f0a9c293538acf572dff2f0b3fc2faa59cbe3b4f119d3bd77aa9d24d5f656d8a34c9ead996e2d98b3d42d955554ebbe1394bbe309c93ec8ce2b88fe771e8d9e9b6ae8fa5f4cba73a668b91915d381b6748aaabef7f92a1454bbec7f56526696ea45bf7c0f16bd3fd950bb9d3b65e9d76e5cee27c45db2925527fbe33af1df9fc2c67a0f185bdeadadd09d6f1b1b2ab597b8275e8b4a52e7ba36b6ee5ff042efff000b5d6846556e71cc563df1cffb7834a9e9d755e9e9fa26fcaaf2f33097f0ef7b136f2f3f247774584fb9a72bf1e1ac666bbf43ec1e8f624e9d4737b30a8b331c7272aeb67e4e50aebed564e52e5a4e5e6ff29fa9b4bc2d6c4dd58da86f6eacf5236e5fa56e6ddbabcfb31f261f8cc7c38fe14611e7cd45ca6e3fbe34d6dfa23e7ae0ea3a9691994ea7a3e7df839d8b35663e4d173a6754d7a4a334d38b5f34fc8fae7b434cb745daba3e917eaf7eab6e160d14599f7df2bacca9c6094ad94e4db93934e5cb7f1399a456a97d51cebcb3b3a74c73c7ea7b6fc43d3acbc2b651b6d329282b8e24f32726a0d4b196dac37b73ddfb2341f898defe25b46ddd81a4745b40d5be88ab4f8df959d87a4d599edb22764d7b3fc6426a3d91845f925cfb47cf3c2313c35ee5f159b877cdf0eadd1a8d3b6e8c1b2763d4b48a30e52bdca2ab8d4e15c2527f94dfac525e7c3713cb6ece8178c9d7b74eafade3756e9c6a33736eb71e9c5dd39f8f5554b9b75c235c2a518250ed5c2f97ab7e6fac5e1bfc6873ff0079acfe3bc752fe9994a771f11e6eda98cf4cf1f62ba56da37fc42d3fcfb45371c39b8b734df2deeeb9f47dbb2ec773fda11ba71e3a76d0d8f5c612bedc9bb58b65c2eeae15c1d35af9f1276d9ff190c0cfd6b72ee1dd7970d57736bfa9eb1971aa34c32350cbb322d8d69b6a0a536da8a7293e3d396fe6601e7afae7e32bcaae3193ebbe17d0ff00ebba5d3d3dcb738e5b7eadb6ff003c7d0000d53d0000000000000000000000000000000000000000007128a92e24935f2671d91f915000e1452f445bf76c6fd5ebfa88ba0809b45af76c6fd5ebfa88e6345106a50a6116bd1a8a45c0304ee7ea513aaab1f36550935f38a6215555f3eceb8c79f5e1705601197d0a675c2c5c5908c92f9ae4e234d307dd0aa117f35148ac0197d0144e9a6c7dd655093f4e5c532b0484f05af76c6fd5ebfa887bb637eaf5fd445d046113b9fa94429a6b7cd75422dfc545213a6ab3876571971f35c958032fa96bdd71bfc0afeaa1eeb8dfe057f551740c21b9fa947b1a7b143d943b579a5dab810a6aadf35d508bf9a8a45600cb050aaad2e14124be08ac12414fb387e8a1ece1fa28a81032c000900000000000000000000000000000000000000000000000000000000000000000000000000000000000000000000000000000000000000000000000000000000000000000000000000000000000000000000000000000000000000000000000000000000000000000000000000000000000000000000000000000000000000000000000000000000000000000000000000000000000000000000000000000000000000000000007ffd9, 0xffd8ffe000104a46494600010100000100010000ffe201d84943435f50524f46494c45000101000001c800000000043000006d6e74725247422058595a2007e00001000100000000000061637370000000000000000000000000000000000000000000000000000000010000f6d6000100000000d32d0000000000000000000000000000000000000000000000000000000000000000000000000000000000000000000000000000000964657363000000f0000000247258595a00000114000000146758595a00000128000000146258595a0000013c00000014777470740000015000000014725452430000016400000028675452430000016400000028625452430000016400000028637072740000018c0000003c6d6c756300000000000000010000000c656e5553000000080000001c007300520047004258595a200000000000006fa2000038f50000039058595a2000000000000062990000b785000018da58595a2000000000000024a000000f840000b6cf58595a20000000000000f6d6000100000000d32d706172610000000000040000000266660000f2a700000d59000013d000000a5b00000000000000006d6c756300000000000000010000000c656e5553000000200000001c0047006f006f0067006c006500200049006e0063002e00200032003000310036ffdb004300030202020202030202020303030304060404040404080606050609080a0a090809090a0c0f0c0a0b0e0b09090d110d0e0f101011100a0c12131210130f101010ffdb00430103030304030408040408100b090b1010101010101010101010101010101010101010101010101010101010101010101010101010101010101010101010101010ffc0001108008c016803012200021101031101ffc4001d000100010403010000000000000000000000080203040701050609ffc40041100002020103020304030d07050100000000010203040506110712082131131441511592951617222332425254566181d2d3092453577191932637637382a1ffc4001c0101000203010101000000000000000000000103020405060708ffc4003311000201030302040404060300000000000001020304110512213141061351711422819107c1d1f03252536172b11516f1ffda000c03010002110311003f00f04003e647ee30000000000000000000000000000000000000000000000000000000000000000000000000000000000000000000000000000000000000000000000000000000000000000000000000000000000000000000000000000000000000000000000000000000000000000000000000000000000000000000000000000000000000000000000000000000000000000000000000000000000000000000000000000000000000000002f60e067ea7975e069983939b95736aba31a995b6cf84dbed84536f849bf25e89b24ff4f7c0aea7bd36568fbaf56ea05ba1656ab8b1ca969d6e86ec9e3a972e319395d07dddbdada715c36d7c39362ded2b5db71a31ce3f7dce36b1e20d3740a71a9a8d5d8a4f0b86df7ed14df67ce3045a06d8eb07879dcfd34ddeb6b6ddc4dc5bbab86257917e7e26ddbe14c2c9b97e29383b149a8a8c9beefcf4b8f23c47dedfa91fe5c6ecfb0b2ffa66352dead29384a3ca2fb5d5ec6f6846e28d54e325959e38f6786bea8f3c0f43f7b7ea47f971bb3ec2cbfe987d38ea424dbe9ceec4979b6f43cafe9987953f466c7c6db7f523f7479e0736c658f3b2bc884aa9d32946c8cd38b8493e1a69f9a69a7ca64a5d83e03770ee9da5a76e2dc9bf21b7f3351a6391f472d25e44e8ae4b9829cddd0e27c34dc7b7f05f972f82db7b4ad77271a31cb5fbee68eb1afe9da0528d6d46aa8464f0b86f2ffb28a6feb8c74f544590483dd9e1cba37b2355cbd0b71f8a0d3b1f52c1f2c8c486df95b6d72ed5251928643ed934d793e1f9a31fa15e11b7275976bcb79ea1b921b6b4abac95780e782f26dcbed7c4e7dbed20a30524e29f2db719792493958b4fb8753ca51ccbd134fa7af3c7d4d2978bb47a768efea5571a4b1f34a15239dd9c6dcc5396526fe54f0b9784684049fdcde0ff00a6fb2f3a1a5eeff143b7745ccb2b57471f3f069a2d706da52ed9e5a7c369f9f1c793f9189a37856e91ee2d531b43d03c586d6d4751cc9baf1f1317128b6eba4936d4611cb6e4f84df92f44d99bd32e54b6b4b3fe51fd4a23e37d1274fce8d49386339f2aae31eb9d98c11ac12cb74f80fc2da3b6756dd5aa758f8c4d1f0afcebff00e9fe1b855073697f79f5697044a564784a728c65c79ae7d1945cda56b4695658cff74ffd1d3d1bc41a7788213a9a6d4dea2d26f6c972ff00c92cfd0ac19981a2eb5aac673d2b45d433a35b4a6f1716cb945bf44dc53e3f8995f71fbc3f6435dfb32ffe5285093e523a92af4a0f6ca493f747520edbee3f787ec86bbf665ffca3ee3f787ec86bbf665ffca4ec97a18fc4d0fe75f747520cbd4346d674955cb56d1f3f055adaade562d94a9b5ea977a5cff033b0b64ef6d4f16bcfd3765ee0ccc5b977557e3e95916d762f4e6328c1a6b9f9321424de122655e9422a729249f7cac1d303b8c0d99bcf56bf2b1349d99b833efc0b3d965d589a5e45d3c7b3f42c8c20dc25e7e92e19896e85aed1ab3d02fd0b52ab555250781661d91ca5271ee49d4e3de9f6b4f8e3d1f236492ce02af49b7152594b2f95d3d7d8c2077df7bfea07ec0ee7fb1b27f907deff00a81fb03b9fec6c9fe427cb9fa330f8cb7fea47ee8e8419baa687ae6873aead7344d474d9dc9bae39b89650e697ab8a9a5cf1caf4f998462d35c32f84e335ba2f2800019000000000000000000000000000000000000000007bee846b5bbf46eaae831d88f161acea7931d329bb23195eb1e174946cb545bf27187736ff0047bbe67d4fb6dae8aa775d64615d71729ce4f8514972db7f03e72782e9edcabaf7a6ddb83269a6d869f96b4b76c9454b364a30514dfe73a657f0be3febc13e3a9bb6355de9d3ddc3b4744d521a6e6eb1a75d854e54e2dc6b7645c5f3c79f0d36b95e6b9e51eb742528dace6b9e7a7b2fcff43f3d7e2b4e957d72dede6b62dab33c76949fd5a8a5f76c855b83c78f5627aeea33db187b6a3a33cbb7e8ff0079d3ee95cf1bbdfb2736ae5cc9c786fc979bf4373edbd67c756e3d268d5a7a2f4e3465911538636ab564d790a2fd1ca15ce7d8dafcd93525e8d27ca345d5d0487413abfd38bfaa5baf40bf4ed4b58f6a9512b146a5476ca165aec8c63187b69509b6f8f37cf926c9ff00664d3763cbddb3a984ac83f676292924daf2971cf9fcc69f4ae6bb9fc4d49269f44febff0084f8bef746d2a9db2d16d294e1522df9928369e1edc2e9ca69eeebd8d0f657e3a941fb1bfa3ce7c7e0f72cfede7f7f0b9e3fd0dfb8eb2163d4b2e55caf508fb575a6a0e7c79f6a6db4b9f4e590e3a57e147aa785d57c1dddd57ddfa6ea7a6e9d992cfbecaf55bafbb51c88be6a6e32824a0e7c4e4a4fd23dbc34f9524facdbea9d81d2bdcfbb69cbaa39383a75bee8dc979e4cff001742fe36ce0bf89bb6739c69cead652497f33cf0bbf43cbf88ed2debde5bd869f3a55252c734a9ec5ba4d2516f73ce3e98cfaf4d07bbfc28efbdf5e232fea3eb6b6ed7b4f2758c6cbbf1ebcab1e45b8d4555c7b655fb2ed6ec752525dfe9393e795c12ce4da4dc572f8f25cfa90bff00b3ef6dbf7add7bdb36f6e34558fa3624acb1b7cbfc6debcdfc9639b43c6af502cda7d1c9695a56a16519fb8f3e9c1aecc7b7b6caea83f6d6c934f949aad41f1fe2229b3ab4a8dacef36e3765be73f92ee74bc47637ba96bb6de1b7594d5250a71928ed496136dadd2cb51c65e79c1a1b5af04de203736bb9fafeb1aaed08e5eaf996e665591d4b227db3b6c739b49d0b9e1c9f0bcbd12f22746dbdbfa66d4dbda6ed9d1a854e0e9589561e3c17c2bae2a31e7e6f85e6fe2c803e0f70f70ef2eb669f7ea5b8354bb4ed0316fd53221766d92aa72495554249cb87f876a9a5ff008d9313c456fcaf62746374ebb8b9718664f09e0e1b8497746fc86a98497ef8b9f7ff00a4595e96e853a33ba8c5af779e9cfa237bc771d52f353b5d06bd58d47c61460e2939bda935ba59c249af44c8bbd5af0b9d7fea1f52f72ef77a2e92a9d533ecb31fbf548292c68255d0a5f26aa857caf83e4b5e053607d2bd52d6378e4fb1bf1b6ae24b1f1eeadf7d73cac872829d73f4925542ef35f0b22fe3e71a7e91d47b7b3e91cb71e38e1df3f4ff0073e80781bc4db5a7744e191a76a78b6ea3a86a79593aa54ad4e745aa5ecab84973cc7f155d724bd1f7b6bd4e669ea8dddec6714d63327979cbfb2efc9ee3c5f3d43c3fe19a96f56a466a4a14a1b20e3b63879ce672ce62b6ae98cf7c97bc6fef0b36f745acdbf84ec79bba73e8d3ab857e7375c5fb5b385f15255aadff00ec2eee8d9fb5fa1be17b33dbe85a459ab68db7bddfdeadc3ae729ea5745414f96b97cdf6f3c73e9e46c0ea17493627537706d7dc7ba6ecab32368e5cb3306aa72fd9d339b9d53e2d8fe7aeea6b7f0f46bd1b4f27aafd38db3d60d9f6ecadc9abe761e0dd7d5913b34fc8aebb5cab977457338ce2d73f071f823bd56dea4aa55abc65c711fdfb9f24b2d66d285a58d8372508d5752b6175e524973ce20beecd75e0a7667dca74370352bea70c9dc99576ab673e6fd9b6aba7cfe4eaaa12ff00ed9ad77bf892ebc6b3d72d77a63d17d374cd4ead3f2a5898f54b095934e984639165964a718c231bbbe3cbe17e4ae5b6b9913bab7c74f7a1fb0212cdd530b070744d3e38da760bbd3b6f5557db5535479ee9c9a8a5e5fbdbe126cd2de03b1346bb65ee6de5999f8f93b9b58d6a6b53b1c92b2105153826bd5294ecb67cfc7bb8fcd35ea41c7c9b1a53db8596d75c25f9b3b169710aeb51f145f5b2aaa5251a719acc774e59cfb42292ebdd2cf3932bdb78f7f2fee9b0ff00dd7f31b03a3d67896b359cc5d68a76957a44715fbb7d1aa6f2a591df1e396a4e0abedefe795cf2e3c797279ef15fd35ea775576fe8ba3f4e35ec3a7128c8b67aae0db9cf1bdeb951f6527249a9460d4f983f26e517e6e2b8eefc347479f4576159a56b99f8393afea9952cbd4aec6b9d95ae3f06aaa12928b718c173e8bf0a73e3c99652a752175b3e7715ddcb87f4c73f7352faeecee342f896ade35a6f0a9c293538acf572dff2f0b3fc2faa59cbe3b4f119d3bd77aa9d24d5f656d8a34c9ead996e2d98b3d42d955554ebbe1394bbe309c93ec8ce2b88fe771e8d9e9b6ae8fa5f4cba73a668b91915d381b6748aaabef7f92a1454bbec7f56526696ea45bf7c0f16bd3fd950bb9d3b65e9d76e5cee27c45db2925527fbe33af1df9fc2c67a0f185bdeadadd09d6f1b1b2ab597b8275e8b4a52e7ba36b6ee5ff042efff000b5d6846556e71cc563df1cffb7834a9e9d755e9e9fa26fcaaf2f33097f0ef7b136f2f3f247774584fb9a72bf1e1ac666bbf43ec1e8f624e9d4737b30a8b331c7272aeb67e4e50aebed564e52e5a4e5e6ff29fa9b4bc2d6c4dd58da86f6eacf5236e5fa56e6ddbabcfb31f261f8cc7c38fe14611e7cd45ca6e3fbe34d6dfa23e7ae0ea3a9691994ea7a3e7df839d8b35663e4d173a6754d7a4a334d38b5f34fc8fae7b434cb745daba3e917eaf7eab6e160d14599f7df2bacca9c6094ad94e4db93934e5cb7f1399a456a97d51cebcb3b3a74c73c7ea7b6fc43d3acbc2b651b6d329282b8e24f32726a0d4b196dac37b73ddfb2341f898defe25b46ddd81a4745b40d5be88ab4f8df959d87a4d599edb22764d7b3fc6426a3d91845f925cfb47cf3c2313c35ee5f159b877cdf0eadd1a8d3b6e8c1b2763d4b48a30e52bdca2ab8d4e15c2527f94dfac525e7c3713cb6ece8178c9d7b74eafade3756e9c6a33736eb71e9c5dd39f8f5554b9b75c235c2a518250ed5c2f97ab7e6fac5e1bfc6873ff0079acfe3bc752fe9994a771f11e6eda98cf4cf1f62ba56da37fc42d3fcfb45371c39b8b734df2deeeb9f47dbb2ec773fda11ba71e3a76d0d8f5c612bedc9bb58b65c2eeae15c1d35af9f1276d9ff190c0cfd6b72ee1dd7970d57736bfa9eb1971aa34c32350cbb322d8d69b6a0a536da8a7293e3d396fe6601e7afae7e32bcaae3193ebbe17d0ff00ebba5d3d3dcb738e5b7eadb6ff003c7d0000d53d0000000000000000000000000000000000000000007128a92e24935f2671d91f915000e1452f445bf76c6fd5ebfa88ba0809b45af76c6fd5ebfa88e6345106a50a6116bd1a8a45c0304ee7ea513aaab1f36550935f38a6215555f3eceb8c79f5e1705601197d0a675c2c5c5908c92f9ae4e234d307dd0aa117f35148ac0197d0144e9a6c7dd655093f4e5c532b0484f05af76c6fd5ebfa887bb637eaf5fd445d046113b9fa94429a6b7cd75422dfc545213a6ab3876571971f35c958032fa96bdd71bfc0afeaa1eeb8dfe057f551740c21b9fa947b1a7b143d943b579a5dab810a6aadf35d508bf9a8a45600cb050aaad2e14124be08ac12414fb387e8a1ece1fa28a81032c000900000000000000000000000000000000000000000000000000000000000000000000000000000000000000000000000000000000000000000000000000000000000000000000000000000000000000000000000000000000000000000000000000000000000000000000000000000000000000000000000000000000000000000000000000000000000000000000000000000000000000000000000000000000000000000000007ffd9, 5000, 'In Stock', '2024-02-18 09:43:48', NULL);
INSERT INTO `Products` (`id`, `category`, `subCategory`, `productName`, `productCompany`, `productPrice`, `productPriceBeforeDiscount`, `productDescription`, `productImage1`, `productImage2`, `productImage3`, `shippingCharge`, `productAvailability`, `postingDate`, `updationDate`) VALUES
(33, 7, 13, 'Lampu PHILIPS', 'PHILIPS', 22, 111, 'sd', 0xffd8ffe000104a46494600010100000100010000ffe201d84943435f50524f46494c45000101000001c800000000043000006d6e74725247422058595a2007e00001000100000000000061637370000000000000000000000000000000000000000000000000000000010000f6d6000100000000d32d0000000000000000000000000000000000000000000000000000000000000000000000000000000000000000000000000000000964657363000000f0000000247258595a00000114000000146758595a00000128000000146258595a0000013c00000014777470740000015000000014725452430000016400000028675452430000016400000028625452430000016400000028637072740000018c0000003c6d6c756300000000000000010000000c656e5553000000080000001c007300520047004258595a200000000000006fa2000038f50000039058595a2000000000000062990000b785000018da58595a2000000000000024a000000f840000b6cf58595a20000000000000f6d6000100000000d32d706172610000000000040000000266660000f2a700000d59000013d000000a5b00000000000000006d6c756300000000000000010000000c656e5553000000200000001c0047006f006f0067006c006500200049006e0063002e00200032003000310036ffdb004300030202020202030202020303030304060404040404080606050609080a0a090809090a0c0f0c0a0b0e0b09090d110d0e0f101011100a0c12131210130f101010ffdb00430103030304030408040408100b090b1010101010101010101010101010101010101010101010101010101010101010101010101010101010101010101010101010ffc000110800e100e103012200021101031101ffc4001d000001040301010000000000000000000000020304080507090106ffc4005a10000103020303050a08070b090900000002000304050601071208111314212231321523425262728292a2b309333841516175b21617364373a1c22434536365818393a3c3d22526274454557195b137456474848591b5c1ffc4001c0100020301010101000000000000000000030402050600070108ffc40045110001020402020b0d06060300000000000002030104051206111322142132414251527282c2f0071523313361628191a1a2c1d1243492b1b2e1253571d2e2f1164493ffda000c03010002110311003f00a9e84217a81e1e09684299c09484b4517109e4214c80a4e075203a938a44412d0940a604f5780bd5201310040961d4804f029805ac48f52743ad2548053031004b04002783a91c02d62c3a938018a6c3a9490531758a1ea4e006f4002580298b0b04b06d2014c06d14800369e004002920da1136d02346084f70d0b8672345a5a653cb2e6d01292529145c5a5a425a99004a425a91c09c05ea5075a22102e3884852011c11e8252013c1d4b804403a93896bc0eb4642018f0270030ddd5826d49047165884f075201b4f075a9818c44036a4802013c0a62eb58002783a92013c0da281160da920090009e0042263c0da781b4806d4c00501a6d02347d684f68fad0b826512bfa1094b3c835778212d2d10182521381d4b8800752710968a0042797808046062c12d009cc30c3e95f6d8035c631de1d0c799018a7030c3e9406187d28d9438c5fd4283ad3c08001f1b0ffe53a0387cc5823649e30115798f4012903bbe6c5383d5d7bd12d80bc7380f0369cc30de804e80220b2d67a3cc9d06d00da01b45022c014c004806d3c00be2cf881600a6036900da781b401a6d02c014c06d3200a6036a03a811c34293a3eb42e0e56f4b484f2a52ec1084a5c405a75349d52002f0c741f373ee5707662d89acccf1cb48b98570de75a858c995223726840c8e8e11e9ed189aa7cdf6b9d7547e0faf93652f0dfbb7d52a1ef895357df7a4a5a0b61669f0ac9b33938a6df4dd0b4c6d37e0e4d9fa9f86f9926eca97fe66a803ee9a05f4f0361ad97a0e1bff0017ae3bfa7abcb73fbd5f49999b5164d65057ff00052fab8df8b54c586e4f01984ebf8f0cb5692e80f918ac7d9bb5fe405f7536e8747bf5b8d3a41f0986ea0cb917887e28139869c4964a0fd5dc6f4973969bbd8d436d7a0b5bbfd46462eca3b3c40ddc0ca6a2b9fa60273ef92cac6d9df22e0fc46535b2d7fe85b49cc3cfcca7ca8acc4a0dfb72e14d9f319c2530cf01d73537af4eae80e3e10acddf999766e5a5b4176de556e434b75c69907b1688b0d4e763b294d24f2e09ce2ad6dcee8772906eeda4ea6ebc5aa32ce4f65233ccd659db1863f64b1fe1527f15b963d5f8bcb677fd3dc963fc2b111b3b72c6765dbb9b2cdcb87e0a307c33a8705cdc25c516fb3a7576cb4f52f2dbcebcb2bb2cbac660dbd7272aa05041e2a849c1870785c26b88e74487022dc0a3184cc53c2f7f8c9a1c94de8a795c1dcf28cd6195f963bb7e397b6cff00ca58ff000a69eca8cb07f0deee5e5b3bbec8631fd95032eb3932ef36709d865fdc1854b1a770f0938f01c6f46ad5a7b43e492877867ce56e5f5ccc597765cf841acc9064da8fc99e2d42e16223b88477782be41b9cd2683255feb3b4d23a3d3e69b395ab6929dc87c9793f1b9616e17fededac7c9d9a321a461bdeca8a0e1e6c7d3f753b9939f1967942fc1857dd74a0bd500276303719c77588f317607eb5f3541daff67caf3dc818bf062bae743039b19e8edfac63a053486ea6b6af6efb3a426ecc51d0ee85e8b77f44f666c7bb3a5430c70772fda6fea8f36435f74d602a3b08640cac31c60d3eb54bc7ff000f5023f7a26b70de59876465f51bbbb76dc90a9701ce8366678962e978ad88f48b1f356bca1ed7191971d6615b949bae472fa8ca6e1c6c1e84f362f3ae16911d5a7c6246969bab2d1a4656e5bd2169893a032bd04ca1a4ad5cd81a9ef7d82f2d6856bd62bd45bb2e20729d09f98232780e89709a22d3b85a1f155276c712c77e2baf198fbcb2f6e8c70c79bb8d3b1fec097229a6fabfe04b6b8467e6a792ec26157e569e6f8f699274e758d8add97ddf21d004f036960da781b5ad30a8006d49004002980da08d21000da9200865b52596d44690811a3eb4299c342f9704b0aba09e4252a82d412d7a1d49c52200842794c5cf7e95d4ff0083ebe4d74afb56a3ef8972c03e75d51f83efe4db4bfb4e7fbd59fc51f72e924d8609fe62ae6fd0aabf0827ca3039ff00eeca76ef5dc5f4df080d3f2820546d7c2c762951ae3738d8540293800e3c9ba3c2e28b7d1d5ab568f0d67b6bdc87ccacc9da062d768362556a742760c08b26645d3a470132e2fb04ac1585b1be43e5e55e257a91693b3aa107a719fa94c7240b65e30063d0c0bd14926a2c4a3128f2d79a92956aa7ac592a95333d3538ca13a8a527595d5e329eed9275a62a7956fdd18bbdd56ec880753e276b948e3df35795ab52ca6d13b605a39e195cd65fd16d3a8c196dca8b278f29e649ad2d896aec1794b616db39459a59899a76e576c7b2ea156850e94db0f3d1711d207ca08b4f6be85b6b6c5b1af0bef23a35bb68502555aa9dd0866e47634ebc4404b592933352d64a6936f6d5c2dceb1199919d53b3f063719278375dabc18ffb34a5b7cdf06d56f1f9b098e7ff006ada97b2cefc7635cde2f9b875bdff00f2a6d6728b951980cec2357cb67ad3a837733f28dd0a67478e43dd26dcdfea7494ad9e32c2ff00b7365cccab4ee0b4ea10abb5666a610a13fa7892389005b6f4f9c786950997d9d8cfe4b4f96f77d03494abedcecbaa29ff00af6facc1fc1b1cccdff863cddfa07fd1f5f27b657ca9edde6eb894cf7ce28d91b48dab72299abe36c648bb371ac62c62f72f1d5a785ab4e9d2e878ebebb68dca2cdbbd73eadcbb299654d9b15a834cc264a8788e2c34f03c44e08ea2f053d08a1bac2e6af4d8b4ab850e249549d3b987db95d12af42d3c18f2a31207c239f95967736edf4b97bffad14bda9e97958c64759afd123d29abadcc22efc69f8362f947e4e5c4e2e9f075f0fb5e1fa6beab6e1caacc1bfee4b62759169cfabb70e9d25a78e280e3c22231d23fa96c1b1f637c8da0853eab32d291366f01b37199b35d75a173474b535bf417a69566a32b29252ab5ad57a2edcf5b886dea5ce4fd4a7596da4d8bb7595bdabe34ed6d95ff0035b2d734af3d9eb2c2e487066d49ba341901322b2044fb4cba43c2734f6cc74069599c9cda07236447a15a77fe53d36913e9a719966aec456c9a190de9d2f3a5f1ad16b1d5aba4b7ee73deb9ef625c14b9395997b1aeaa0bb1344d8d8897158780cbb3a0b5748487c03ecaae57de5967ced2198106a952ca00b3a28061164cc734b5def5ef23708ba6e979a08d26fb73f2f16e7ad4235949525704a93d116a8cbbb4d9c8b94fb96eeaa549537152556e5c3e0fb4bb3985ff0067d71fd8d33dc12e464605d69bda2e1072c2bb01aef9c9e81299d5e3698e42b93f19bef2d23608da69fcbd116ee939c5d96cfd2ea8b06d4c004c836a7836b6c79d21000da92cb690cb6a4b20a03481e65b5301b4c836a7b2da5475b408d1f5a14842e09915493c1d49009491181d4b4d827811108027abc05ea7411c11e875e2ba99f07d7c9b699f69cef7d8ae5ae1f3ff00c1753be0ff00f939533ed19fef71599c57f724f38d7e08fbfab9a591dd87d08dc846fc3e95e7a7ac8d961bb7e3861d7b97a5d5f573f5af8fcc6cd1b372a28bddcbcaacdc569cc787199ed3d29cfe0db0f0c953ddadb6a0cd9b56fa9796d6a3f85bd0634562472d6804a5c8075812ed1fc5693221e874fa3db4fc8539f9f720db654556b12d486af77b665d5b82eeb66d580ed56e6afd3a9511bd381bf3a4b6cb43abab7912d71376b5d9f606387fa4aa7c8ddfecacbaf618fa403a5526cbab6ee5beb67ace1beaa922656250634cd3265384e19e0d4817dfe91788d1117a6b4135f46ec315aa91c252d331710ebb1cd1c9e6c23f331353c6d372c8696d329d74ddadce8a7cdc59facea9c3db0367699d5982db3fa68af8fec2fb9b6b33b2e6f4c38169df345ab3bbb562cc5a8366e879c1ab50ae3e03787d29f6317e33cdbec11b4eb7d3030c3490926dfc152ce43c13aaedec2a5aee9338df97692af6a7ea76a44b1c470e8e387d48c79f1dd8e182e63658ed739b197cf36c3d5772e4a637a40e9d503e263a7c877b61f73c85783263683b1739e16254492e41acb6181c9a44ad22f87943fc20795f7565aab87a6e97aebd6471a7e66ea8b8b69f5bd4446c5f255d5e336eeec39b991bb042f5521a93e5f30bf206e5fb1e67b825c9b8cdf786bf46bac9987f90b727d9133dc12e50c60ef0d2df60af22ff003927947747f2d2dcd575478014906d00da9200b6e601b40b005241b432da98cb68178d36816c82920da432da9ecb6823a811a109ed1f5a1443951d3a85ee186f41165af3149684a045062c12c1201490ea5300b0005d4bd81fe4eb4bfb4a7fbd5cb40ea5d48d8139f672a57da337deace62b47d893ce35f813f98af9bf3816330c311c7a5bb9bab15abb3db3b6dac8cb35cb8aae3caa649c7834e8027df253dffe08f68cbe6c16c1aa55a050a049ab5524b71614364a43ee9f30b4d8e1a8889527ccab1b2b3684bf1dbd6e0dac6d88503f7ad3a93c16dbe4f1fc5127df0e91768fa0b134d9669f7b39adc43cd1f91e89599d7a5d8b6561e155b9d64a7a5b657a8d775d79e99e36d4dbca7bb3a5d5ab11a18301f171182903deda1f044752b2bb65df359caccd3a2d6a9769db1536aa94a1c38953a43328b534e97845d2f0c56d3c90d9472732deb51afbb66af26e4a9c70c7934d9329a75b63021d244d0b4380e18afbccdfc97b1739a82d52af88ef6a8864ec598d3bc27239e38692d25e2f3f64968666b326b9d6a104781426df699994a0d4534b73377ed0a55d75dd6348e556d6efcfc8bbc6f2acda749853ad0c63b6cc382051e1bfca4c5b63a3d2d1df4ba6ab25dbb4bdcd798b9cb72fec28f8b9ab5f25b7dad7ebba444b7cd5b67dc99b26d3bb2cba5ed194aa6b771722c5e626bd1e4bed701de20f41a7408b5f9be0aad77c65cd996845e5340cd7a2dd6eeb10e4b0e9f25b734f8dd21d1edab8a3b34a5cc2d4da63b6ad5d55724cfd7e66b6cb0d41c5c3553adac8d655d1eae46bf4f02003e74b06d6e0f2e8c73db160da9f4ba854e85538b56a34e910a7c33179992c9e971a2f1854606d4900428c6e865181369514c611844e886cc7b49319bd4bfc1bb9c988b75c20d788063888cc607f3c1e578e3f32b07863d2c4b7efc17212dcadd66d4acc1b928139c8f3a9ef0bd19e0f04bfc0ba8594398b4ccd6b129778c1c5b6dd921a264603d5c9e40fc6b7fcc4bcb71351134e774ec6e17f09ee782f122eaadaa526bcb23e24fd61be65f30ff20ee3fb2267b825ca98c1de1755b30bf20ee3fb2267b825cb28c0acf04f93779d0f9953dd17cacb74baa2c1b53d96d32cb6a6036b651300840b06d4c65b4cb20a632da80d205b2da98cb690c8298cb680b1d420470d0a521043d853c4a0402f51cab3c052412012d4c02c730ea4e8240a714c08b6c17507608f93b533ed19def5730c174ff60bf939d2fed19bef567315fdca1ce365813f99ab9bd64981dbf732deb4f2ba35994c91c39773cae1bfa3b5c91ae939eb1f0c7f9c973a0030d5bf72b43f080d4ea550ce18504e0c866052a9ccc661e36485a75d73538e692f0bb41eaaac01d49fc352a9629e9f4f58abc6938b9aaaad3c8d536a6cdd7ed6ac4ce0b6275327bb1a2d46744a75419d7dee44675d168b50f85a756bf45586f842afeacb154b72c3833dc6a9f22239366b007a45f222d2d6af187a26a9bd2a5720a9c59ffeccfb6ffaa7a96f5db52e5c2e6cf4971f0c70c30a65360456ff00a7605efef54e629c95d59998b782af872fa9094a9ad340989782b6ee4fc5fe8d14223873602bd00c71eadd87ea5b8f2d7651ce7cc77da90c5b2e51296ef6ea154c3823a7c96be34bd557172a3635caccb7e1d5ab4c637256437171e6808b0d17f16c61d1f5f52254311c8d3bc4abd7e8f6c8569583aa556d78a6c47295fdbe3295e57ece99b79b1c29d6fdb9846a5b9ce15394e1478de8976cbd0035666caf83eed382db6fdf3794ca93be1b14f018cd7ae5accbd9562b30b3572ff2b69b84fbcae58d4ddf87796b9dc7ddc7e80687a44aaedfdb7ccd7de769f96769c606bfde1573c4bd569a2fdb599ef9d6ab51fb226c476e144d8f79f0ce1b867525debedc087cf3fea6e8a7ec73b3dc1c77fe00728730c39ca4d4e59eaf478ba52e5ec81b3d4ddffe60611cbaf53350961fdee954d6afb5667cd55ee3bd985220f9109965b1fbaa047da3b3d187b7339a355c7f487abef0a322875c878e6a30e92c043146188ea424e1ff009a0b2975ec156a4869c7ec7bb2a148771c3a0cca017dbdfe70e93fd6a4eccf63e67e495e753b12f2a4e2746ac871e9f3631f1e371daf2fb43ac3c701f8a15a6ad9db333b693837cb27c2adb5e18cca7f4f0f4da20560f2c36c8b1af37e2522e884edb9539060c0710f8f18dd2f078a1d9f492f3f2d5d6e594c4d78647c5cee57b8769933869f9d4cc492b42bfc2957a3c9f6646e5cc2e7b16e3c7f91e67b925cbc8cdaea26617e41dc58ff00254cf744b98319b53c1be49de743e6471f233798e97547996d4c6412196d4c65b5b230c8065b53c012196d4c65b40bc6908065b53d904865b4f32da00ea102f46084f72742887b0a5c9d004804b04e99e169e0ea4804b0ea5380b8b04f024075a920988023cc03a22ba7db05fc9de9987f28cdf7ab98e1874305d1ef83e2b1cbb2525d230ddc4a4d69f6f4792e8b6e7ed12cbe2d47f0f8738d86025ff13523d157e6936ad4b367282ab74d5729ae5add270aa4036d87e9f561016e462eb42e0f0f89d077a0e8f45632a5b2ce40d7b0c5e2cb8a64623f0a9e6e471f445a2c016a6da4f638ae6675db50cc9b2ebd1b1aa54b8384ea64d1e1b6e709a16c49a707b25a1b0e897aeab4cca26d499151f80fe378512147fcf4579d7e280f9e3ada159f91a6b330da57233762f849f48d554eb0ec9bea45464ef6b82a4c2ed5f979f6cbbf13632d9d997f8df80a6ee3e23d509043f7d6c58196f62522aae57a9b66d25aaa38020750e4ad94931101111e2974fb223eaae6ab7b54ed082cf007372a78e18f8ec4722f5b42c3d6b3d3382e5dec56732eb125a73c0e558b43ea0ab15e16a94c79798f7a8a84e36a2ca27297968fe1840e95dfd9e7957968cbb8dd779d3d994d8fef269cc1e945fd08f49550cd5dbb2e7af716939594aee1c0e907742569724ba3e308761af6d698b1b676ce6cc17f7d1ec9a836cb9feb92bf7331e76b73b7e82b4b95db06db34961ba8669553bb72fa27c8a11b8cc51f248fa26efb2be372344a16bcd2f4cbedc1f17b6272ea589712783946b42df2bf78edfb20550b66c4cd2ce7b81d7e8b06ad724f71cdd2664a327003ca71d77b3ebab47975b04d1a0ff94334ae472a6eff00bbe9fdeda1f39d2e997a3a15a110b4b2f281d54ea1d1e107cda1961a155c33336e5a2d3f17a9596549eec3a1d0ee84ad4db1abc80edbbec212eb353ac2f454c4588edc2f106461da1d013b22acedee7a5fdbbfebccddf41c8dc9fb6346147cbfa260e8765f9118643ffd6bba8ff5afa9702d880c701ec2971dbc3c02e180ae75c2ce1ce1cd1bd29747b82fb9325aa8d4588bc9629f0180d4e88e9d2d68f1bc358fcffa3b3033b2f181218e76ea2461e6bba5c1fbcb9385de7e63453531af6ddc257e79078e309662574f232fa975bc9e0c55bd9f689d04a9e5fe56dd9cd36d2b6aa5af0e77392b24e7a263d215aa6f1d8dec0a83ed542cc9f268139b705d6c39e4305a7a5a74963a87d7548a9a6f407f9453243919df1d8326cbd95b7f29f39736a05db41b6e1de9364c5a8ce6619c69ba64b442e3a23e174c7b5e01a3ae853b4e845d959aedef144625a7d5e2862764ff000eb7d0bd37f6180d8570e07f3526561fd892e64b2dae91e70d47b9395775cec7af0a63c1eb869fda5ce56414706c23065d8fa44f1cfde5884392a1e65b53196d32cb6a6320b5a641b1e65b5241b4865b53d96d28b1b6d00cb6a7c661331985958cc20ad63ada047010a7f03eac108178dd851504e076704d82920aecc4ac03ad2c1b4952014d0802009c00c372f0013c08e0167adf56387d2ae0fc1dd75334bbe6e7b29f7f0c3bb301898c07f18c116af65df655420e601c70ebe75f5d95b7b4dcb5cc0a35f74cf8da7cd6de30c3f3ac765d6fd30d4292aac96cf91759878d459d167fbd9506a657c157ed1f71d1dda37362f1c95a6d0afaa252a3d5a858cee415684e6a121c087536f03a3d8ec9063ab5074c537626d9191b7af0a23f71e16fce77fd5aa804d0e1fd3fc57b6bef6e6a2db79d19632a958486a4d1ee6a789332477169d63a9a747ca12d2587d62b951775a15fb12e79f6a5c71f813e94f130f06fe897943e49769612854a93abb2b61e8d8f23f4fec7a4e25ae4f50661134c6bb0bfcfcd1f3f8ceb536d587750613063d0aaf81e1ab89a187f57f3a9d1a8f6e5107176240a6d3be6c4d961b6571d23c8799c77c27dc67f46642a5e351aa3f8f7fabcd77cf78895a7fc295e2d91b5cdff00228d3dd291bf29affd7fc4ead5db9d795964b04fdcb7dd2a368fcc83fc67cbcd69ad465eaad01981b795063b2f41cacb71da9c9f027d40099603cae176cbd95491a05241b4ec960d936239bb1bcad9dee83539b8652c84a21f895eff00a1f597d665df39a152e5d7cd764cee1f4d9677e9658fd1b43d115f380dafa1b3695634f79dfc32bb2a3448ade9d070e93caf8be37e7434fb6b7ada597bb1ebfdfe7668d5a4e3f383cc9460f65ae8faeadde9a97a6a344db4ae8a5451c9d3a62aebd238ea6f5f2970bbf3cfdc6bfd9ae83ddccedb4d9e4fc569a95ca8fc816809d12f5c457d76d81407e939d73aadc9fbd56614792d9f82440d708b0fecbda569f26ec0c92b6999350ca7c69d35c700587e6313465bc23fc199eae8f9ab2b9ab676555c94669fcd3ee6b5163168625cc95c949a22f045dd43eaac7b98851df44bf62acb6df4b8cf436309aa14554ab8b4dd75d9f07736fd77b7ce6eb20b7bec8f666172669b5577d8c392dbac14c3dffc29ea06bf68bd159db9b2fb645637f71b322a2d4ac3e2c236252f0c7fb2e97aeac2e4965551b2b6d9758a5bf264bb5570653cfca6780fe9d3d06c83c1d3cfeb12b0abd79bd84a6db4292b5eaeb26de715f41c38f26a098b8a4ad08d6d555dcd3e4f6c0b9bb939731adb671efb5f9edb67f530d77c22f5f0687d354d996d6d2da42fec6fbccc931e1c8c5da6507f7146d1d933fceb9ebf43d15ad996d354095d87249439bfaddbd42b88677be15052dbe6fe1fdc196d4f65b4865b53196d58e655a100cb6a7b2c2432da9f198415ac79b40b8cc2cac66111985928cc24565a30c08e0214fe0210ae1cd01cfa0ea4e2f012c3ad69d083cd05827c3a936a48238aac012c1b4805241b53031100a487cc804f029805973f61acf8670c3f12373c8e161df2450de2c77099116a7237b4461e9f90b666d55b377e35e8b8dd96a32de17452d9d1c3d1a797c7ed708bca1e9621eaae764671f61f6a430fb8d38d9898181e92021ec90ae836cc9b54c3cc8851ac9bea73516ec0e84778ba235211f0bc93f27c2f01616bb4b7e9b35df690e976f3eff6cbd330d56a56b32bde3aaf463db7e1bddb3e7fc888ed3e43b4f94cb91e4c63265f64c34934e0f448483c64f802e8e67b6cb96966fe0e55a03e145b9db0fdfc01adb91e28ba1fb5daf39515bf729aff00cafa9610af8b6a442c313d0c4af8c6a479ae8f47f6d682975c95a9b792769ce4f6dd195af6159da2399c617a395fddc47c9836a4836900da9800adca24032df1dfe4ec7c6b9d80f08d6edb5b27aef9f91b78d5b0b6aa3cb796d3ce1b2715c1764323ab884d076c83be8fa84b57db974dd96dbdc7b6ae4994971ded9c69ae33afced25d25bd6d9da033158c9abae44cbae449abb53a0b34f98f69279a65dd5c4d25f3fc57b4a9aa4e4e6aec7b72b93faa069a8adc96b46614adcab736f263e97ca07cc6cd15aa95999db418d230910bbace14294c3804d918b825a3509797a57d4ed8573bd57cd9ee0f28df16830596c19f045f7078865ea134be4ac5bbb346f3cc1a1632ea95db931a5d5624dc6313cebc23c2744b569ec0f655ac6b675a356334eb199f7a3c152c66c91721d330f88011006c49cdfdb2d0d8f47b1e72a3a8cd334ea9266e6210cece0f1fc3bc69e97253154a4aa4a573b349c2e4dbce8eff0011abf661c847a6bd1332af4a7f0da8f8f1a9308ff385e0be43e2f88b696d1b9bad65edb656d519fdd5eacb440ce2df6a331d927bcee7e87d7e6acde716745172b693c3de132b3243f71c0c31dd8f9ce78a2a8fdc15facdd95995725c13f94ce987accff647c5148494abf5e9ad9d39b8e0f6ed996f3f34ce1f95ef7486ef84aedbfc502232da7996d2d96d4965b5ac5af2da30e8467b60cb6a632da4320a7c6610879b40b8cc2cc4661331985958cc2516b2cd840f46614f8cc2446614f6584aad658b080e0214cd18210731db0e74075a781009600b62841e402c13c0da4025875238b8f075a7017809e0053155ac043e84f036806d00da2811e06d3cce3c0c79433dedd6fa6061d121240369e005d1867b513ec23184738169b2576d6afdb2c46b6b3418935a80de9670aa01ea991f0fe3757c6fdff395bab76f3cb6cdaa33bdc6ac526e082e37a64c3734b843bfc17582e71f48572ac1b5329b2a6d226b53e993e44194df61f60c9b743d3158fa9615969b73492da8bf84f40a2e369c9346c79886991e96ebdbbfebf69d09ba763cc97b93075e874a99457dcc39ca9ef960dff547a83f52d693f6031e36fa3e68f01ac3b012e8dc52c3d307c7eead476aed519e76d136d3f79f74a307e66a115b7bdbe81fb6b615376ecbe98c37552cba2c9f2c1e759ff1aacd858864a3930e5ff17ea2f3be1852a3e12618b17cd8a7f4472334c6c0b3b77eebcd86f16ff89a16e2f7ebefedad8e72ce83bf1ad4eaad6b071c03365f93c164c87b3ac1bdda96b3c76e2bc9de6632f694d61e39beeb9ff45f275ddaaf396bb8f023d72151dafa21421d5eb3bacbd4515cae2499f06e3967e1eaed856e6709c978497694b8f4baf1c8b96cc5b032ba81894666956dd2dbc7a65dee3811795e317b4b456686d74cc7e2d272c98c5d77b18d4e50ef01fd135e179c4ab1d62b9705cb3797dc1579b5295e3ca7c88bda4c8368f2586196d7a49c5debeded013b8b1e9846824d1a147c5f487abda4b9d51a9d5663b55acce91364c83d6f3cf1938e1179c9c004320a4b2dad142104c32819d4c6318ed8b65b52596d000a4b2da00e2103ccb0b25198488cc2cac6612ab5962c207a330a7c66122330b24cb0925acb161b16cb0b24cb6865b52596d2ab5968da0470d0a7e8c108398cd8736c4304e020178b7e785e6381d49e0eb5e861bb14e82301bc0013c0804f0752280580369e06d00da780171016009e06d2c1b4f03684328006d49641000a60368234da001b52401201b53d96d0d6b1a065b53196d0cb69e65b411a40f32da98cb690cb6a632da08f2100cb6a7b2da641b525904b8ea102d96d64a330911985958cc20b8b1d61b171985988cc266330a7c66122e2cb46181e8cc2c932c2659614f65b4aacb461b16cb6a7b2da432da920da547501c3427d0b83d873541b4f086ff992013c0bd0cfcfab143d49c0402781b5302009e06d203a94906d1480b004f0024002980da1de1401b52401201b5301b431b6d02c1b5241b4865b52590501b80f32da920da4036a7b2da5c71b40b65b4f32da196d4900421a6d02d9053196d0cb6a632080b1d40320a646612196d64a3309558f3281e8cc2cac661331985958cc2556b2d196c7a330a7b2c2432c2c932da55658b08065b53d904865b53196d2ab2c102c1b4e210823c804210b8fa7371484217a41f9e163c09e0ea4211458783ad3c0842e3892cf529a84210ca47414c0421046db1e05319ea421414364f67ad4967a908401c6c98cf5a98cf52109750ec09809e04210a232d9928cb2b1fad084aacb160cac6f994f042128b2dd83251bad6499eb4212ab1e6092ca98c2109488fb63884217c1a8021085c71fffd9, 0xffd8ffe000104a46494600010100000100010000ffe201d84943435f50524f46494c45000101000001c800000000043000006d6e74725247422058595a2007e00001000100000000000061637370000000000000000000000000000000000000000000000000000000010000f6d6000100000000d32d0000000000000000000000000000000000000000000000000000000000000000000000000000000000000000000000000000000964657363000000f0000000247258595a00000114000000146758595a00000128000000146258595a0000013c00000014777470740000015000000014725452430000016400000028675452430000016400000028625452430000016400000028637072740000018c0000003c6d6c756300000000000000010000000c656e5553000000080000001c007300520047004258595a200000000000006fa2000038f50000039058595a2000000000000062990000b785000018da58595a2000000000000024a000000f840000b6cf58595a20000000000000f6d6000100000000d32d706172610000000000040000000266660000f2a700000d59000013d000000a5b00000000000000006d6c756300000000000000010000000c656e5553000000200000001c0047006f006f0067006c006500200049006e0063002e00200032003000310036ffdb004300030202020202030202020303030304060404040404080606050609080a0a090809090a0c0f0c0a0b0e0b09090d110d0e0f101011100a0c12131210130f101010ffdb00430103030304030408040408100b090b1010101010101010101010101010101010101010101010101010101010101010101010101010101010101010101010101010ffc0001108008c016803012200021101031101ffc4001d000100010403010000000000000000000000080203040701050609ffc40041100002020103020304030d07050100000000010203040506110712082131131441511592951617222332425254566181d2d3092453577191932637637382a1ffc4001c0101000203010101000000000000000000000103020405060708ffc4003311000201030302040404060300000000000001020304110512213141061351711422819107c1d1f03252536172b11516f1ffda000c03010002110311003f00f04003e647ee30000000000000000000000000000000000000000000000000000000000000000000000000000000000000000000000000000000000000000000000000000000000000000000000000000000000000000000000000000000000000000000000000000000000000000000000000000000000000000000000000000000000000000000000000000000000000000000000000000000000000000000000000000000000000000002f60e067ea7975e069983939b95736aba31a995b6cf84dbed84536f849bf25e89b24ff4f7c0aea7bd36568fbaf56ea05ba1656ab8b1ca969d6e86ec9e3a972e319395d07dddbdada715c36d7c39362ded2b5db71a31ce3f7dce36b1e20d3740a71a9a8d5d8a4f0b86df7ed14df67ce3045a06d8eb07879dcfd34ddeb6b6ddc4dc5bbab86257917e7e26ddbe14c2c9b97e29383b149a8a8c9beefcf4b8f23c47dedfa91fe5c6ecfb0b2ffa66352dead29384a3ca2fb5d5ec6f6846e28d54e325959e38f6786bea8f3c0f43f7b7ea47f971bb3ec2cbfe987d38ea424dbe9ceec4979b6f43cafe9987953f466c7c6db7f523f7479e0736c658f3b2bc884aa9d32946c8cd38b8493e1a69f9a69a7ca64a5d83e03770ee9da5a76e2dc9bf21b7f3351a6391f472d25e44e8ae4b9829cddd0e27c34dc7b7f05f972f82db7b4ad77271a31cb5fbee68eb1afe9da0528d6d46aa8464f0b86f2ffb28a6feb8c74f544590483dd9e1cba37b2355cbd0b71f8a0d3b1f52c1f2c8c486df95b6d72ed5251928643ed934d793e1f9a31fa15e11b7275976bcb79ea1b921b6b4abac95780e782f26dcbed7c4e7dbed20a30524e29f2db719792493958b4fb8753ca51ccbd134fa7af3c7d4d2978bb47a768efea5571a4b1f34a15239dd9c6dcc5396526fe54f0b9784684049fdcde0ff00a6fb2f3a1a5eeff143b7745ccb2b57471f3f069a2d706da52ed9e5a7c369f9f1c793f9189a37856e91ee2d531b43d03c586d6d4751cc9baf1f1317128b6eba4936d4611cb6e4f84df92f44d99bd32e54b6b4b3fe51fd4a23e37d1274fce8d49386339f2aae31eb9d98c11ac12cb74f80fc2da3b6756dd5aa758f8c4d1f0afcebff00e9fe1b855073697f79f5697044a564784a728c65c79ae7d1945cda56b4695658cff74ffd1d3d1bc41a7788213a9a6d4dea2d26f6c972ff00c92cfd0ac19981a2eb5aac673d2b45d433a35b4a6f1716cb945bf44dc53e3f8995f71fbc3f6435dfb32ffe5285093e523a92af4a0f6ca493f747520edbee3f787ec86bbf665ffca3ee3f787ec86bbf665ffca4ec97a18fc4d0fe75f747520cbd4346d674955cb56d1f3f055adaade562d94a9b5ea977a5cff033b0b64ef6d4f16bcfd3765ee0ccc5b977557e3e95916d762f4e6328c1a6b9f9321424de122655e9422a729249f7cac1d303b8c0d99bcf56bf2b1349d99b833efc0b3d965d589a5e45d3c7b3f42c8c20dc25e7e92e19896e85aed1ab3d02fd0b52ab555250781661d91ca5271ee49d4e3de9f6b4f8e3d1f236492ce02af49b7152594b2f95d3d7d8c2077df7bfea07ec0ee7fb1b27f907deff00a81fb03b9fec6c9fe427cb9fa330f8cb7fea47ee8e8419baa687ae6873aead7344d474d9dc9bae39b89650e697ab8a9a5cf1caf4f998462d35c32f84e335ba2f2800019000000000000000000000000000000000000000007bee846b5bbf46eaae831d88f161acea7931d329bb23195eb1e174946cb545bf27187736ff0047bbe67d4fb6dae8aa775d64615d71729ce4f8514972db7f03e72782e9edcabaf7a6ddb83269a6d869f96b4b76c9454b364a30514dfe73a657f0be3febc13e3a9bb6355de9d3ddc3b4744d521a6e6eb1a75d854e54e2dc6b7645c5f3c79f0d36b95e6b9e51eb742528dace6b9e7a7b2fcff43f3d7e2b4e957d72dede6b62dab33c76949fd5a8a5f76c855b83c78f5627aeea33db187b6a3a33cbb7e8ff0079d3ee95cf1bbdfb2736ae5cc9c786fc979bf4373edbd67c756e3d268d5a7a2f4e3465911538636ab564d790a2fd1ca15ce7d8dafcd93525e8d27ca345d5d0487413abfd38bfaa5baf40bf4ed4b58f6a9512b146a5476ca165aec8c63187b69509b6f8f37cf926c9ff00664d3763cbddb3a984ac83f676292924daf2971cf9fcc69f4ae6bb9fc4d49269f44febff0084f8bef746d2a9db2d16d294e1522df9928369e1edc2e9ca69eeebd8d0f657e3a941fb1bfa3ce7c7e0f72cfede7f7f0b9e3fd0dfb8eb2163d4b2e55caf508fb575a6a0e7c79f6a6db4b9f4e590e3a57e147aa785d57c1dddd57ddfa6ea7a6e9d992cfbecaf55bafbb51c88be6a6e32824a0e7c4e4a4fd23dbc34f9524facdbea9d81d2bdcfbb69cbaa39383a75bee8dc979e4cff001742fe36ce0bf89bb6739c69cead652497f33cf0bbf43cbf88ed2debde5bd869f3a55252c734a9ec5ba4d2516f73ce3e98cfaf4d07bbfc28efbdf5e232fea3eb6b6ed7b4f2758c6cbbf1ebcab1e45b8d4555c7b655fb2ed6ec752525dfe9393e795c12ce4da4dc572f8f25cfa90bff00b3ef6dbf7add7bdb36f6e34558fa3624acb1b7cbfc6debcdfc9639b43c6af502cda7d1c9695a56a16519fb8f3e9c1aecc7b7b6caea83f6d6c934f949aad41f1fe2229b3ab4a8dacef36e3765be73f92ee74bc47637ba96bb6de1b7594d5250a71928ed496136dadd2cb51c65e79c1a1b5af04de203736bb9fafeb1aaed08e5eaf996e665591d4b227db3b6c739b49d0b9e1c9f0bcbd12f22746dbdbfa66d4dbda6ed9d1a854e0e9589561e3c17c2bae2a31e7e6f85e6fe2c803e0f70f70ef2eb669f7ea5b8354bb4ed0316fd53221766d92aa72495554249cb87f876a9a5ff008d9313c456fcaf62746374ebb8b9718664f09e0e1b8497746fc86a98497ef8b9f7ff00a4595e96e853a33ba8c5af779e9cfa237bc771d52f353b5d06bd58d47c61460e2939bda935ba59c249af44c8bbd5af0b9d7fea1f52f72ef77a2e92a9d533ecb31fbf548292c68255d0a5f26aa857caf83e4b5e053607d2bd52d6378e4fb1bf1b6ae24b1f1eeadf7d73cac872829d73f4925542ef35f0b22fe3e71a7e91d47b7b3e91cb71e38e1df3f4ff0073e80781bc4db5a7744e191a76a78b6ea3a86a79593aa54ad4e745aa5ecab84973cc7f155d724bd1f7b6bd4e669ea8dddec6714d63327979cbfb2efc9ee3c5f3d43c3fe19a96f56a466a4a14a1b20e3b63879ce672ce62b6ae98cf7c97bc6fef0b36f745acdbf84ec79bba73e8d3ab857e7375c5fb5b385f15255aadff00ec2eee8d9fb5fa1be17b33dbe85a459ab68db7bddfdeadc3ae729ea5745414f96b97cdf6f3c73e9e46c0ea17493627537706d7dc7ba6ecab32368e5cb3306aa72fd9d339b9d53e2d8fe7aeea6b7f0f46bd1b4f27aafd38db3d60d9f6ecadc9abe761e0dd7d5913b34fc8aebb5cab977457338ce2d73f071f823bd56dea4aa55abc65c711fdfb9f24b2d66d285a58d8372508d5752b6175e524973ce20beecd75e0a7667dca74370352bea70c9dc99576ab673e6fd9b6aba7cfe4eaaa12ff00ed9ad77bf892ebc6b3d72d77a63d17d374cd4ead3f2a5898f54b095934e984639165964a718c231bbbe3cbe17e4ae5b6b9913bab7c74f7a1fb0212cdd530b070744d3e38da760bbd3b6f5557db5535479ee9c9a8a5e5fbdbe126cd2de03b1346bb65ee6de5999f8f93b9b58d6a6b53b1c92b2105153826bd5294ecb67cfc7bb8fcd35ea41c7c9b1a53db8596d75c25f9b3b169710aeb51f145f5b2aaa5251a719acc774e59cfb42292ebdd2cf3932bdb78f7f2fee9b0ff00dd7f31b03a3d67896b359cc5d68a76957a44715fbb7d1aa6f2a591df1e396a4e0abedefe795cf2e3c797279ef15fd35ea775576fe8ba3f4e35ec3a7128c8b67aae0db9cf1bdeb951f6527249a9460d4f983f26e517e6e2b8eefc347479f4576159a56b99f8393afea9952cbd4aec6b9d95ae3f06aaa12928b718c173e8bf0a73e3c99652a752175b3e7715ddcb87f4c73f7352faeecee342f896ade35a6f0a9c293538acf572dff2f0b3fc2faa59cbe3b4f119d3bd77aa9d24d5f656d8a34c9ead996e2d98b3d42d955554ebbe1394bbe309c93ec8ce2b88fe771e8d9e9b6ae8fa5f4cba73a668b91915d381b6748aaabef7f92a1454bbec7f56526696ea45bf7c0f16bd3fd950bb9d3b65e9d76e5cee27c45db2925527fbe33af1df9fc2c67a0f185bdeadadd09d6f1b1b2ab597b8275e8b4a52e7ba36b6ee5ff042efff000b5d6846556e71cc563df1cffb7834a9e9d755e9e9fa26fcaaf2f33097f0ef7b136f2f3f247774584fb9a72bf1e1ac666bbf43ec1e8f624e9d4737b30a8b331c7272aeb67e4e50aebed564e52e5a4e5e6ff29fa9b4bc2d6c4dd58da86f6eacf5236e5fa56e6ddbabcfb31f261f8cc7c38fe14611e7cd45ca6e3fbe34d6dfa23e7ae0ea3a9691994ea7a3e7df839d8b35663e4d173a6754d7a4a334d38b5f34fc8fae7b434cb745daba3e917eaf7eab6e160d14599f7df2bacca9c6094ad94e4db93934e5cb7f1399a456a97d51cebcb3b3a74c73c7ea7b6fc43d3acbc2b651b6d329282b8e24f32726a0d4b196dac37b73ddfb2341f898defe25b46ddd81a4745b40d5be88ab4f8df959d87a4d599edb22764d7b3fc6426a3d91845f925cfb47cf3c2313c35ee5f159b877cdf0eadd1a8d3b6e8c1b2763d4b48a30e52bdca2ab8d4e15c2527f94dfac525e7c3713cb6ece8178c9d7b74eafade3756e9c6a33736eb71e9c5dd39f8f5554b9b75c235c2a518250ed5c2f97ab7e6fac5e1bfc6873ff0079acfe3bc752fe9994a771f11e6eda98cf4cf1f62ba56da37fc42d3fcfb45371c39b8b734df2deeeb9f47dbb2ec773fda11ba71e3a76d0d8f5c612bedc9bb58b65c2eeae15c1d35af9f1276d9ff190c0cfd6b72ee1dd7970d57736bfa9eb1971aa34c32350cbb322d8d69b6a0a536da8a7293e3d396fe6601e7afae7e32bcaae3193ebbe17d0ff00ebba5d3d3dcb738e5b7eadb6ff003c7d0000d53d0000000000000000000000000000000000000000007128a92e24935f2671d91f915000e1452f445bf76c6fd5ebfa88ba0809b45af76c6fd5ebfa88e6345106a50a6116bd1a8a45c0304ee7ea513aaab1f36550935f38a6215555f3eceb8c79f5e1705601197d0a675c2c5c5908c92f9ae4e234d307dd0aa117f35148ac0197d0144e9a6c7dd655093f4e5c532b0484f05af76c6fd5ebfa887bb637eaf5fd445d046113b9fa94429a6b7cd75422dfc545213a6ab3876571971f35c958032fa96bdd71bfc0afeaa1eeb8dfe057f551740c21b9fa947b1a7b143d943b579a5dab810a6aadf35d508bf9a8a45600cb050aaad2e14124be08ac12414fb387e8a1ece1fa28a81032c000900000000000000000000000000000000000000000000000000000000000000000000000000000000000000000000000000000000000000000000000000000000000000000000000000000000000000000000000000000000000000000000000000000000000000000000000000000000000000000000000000000000000000000000000000000000000000000000000000000000000000000000000000000000000000000000007ffd9, 0xffd8ffe000104a46494600010100000100010000ffe201d84943435f50524f46494c45000101000001c800000000043000006d6e74725247422058595a2007e00001000100000000000061637370000000000000000000000000000000000000000000000000000000010000f6d6000100000000d32d0000000000000000000000000000000000000000000000000000000000000000000000000000000000000000000000000000000964657363000000f0000000247258595a00000114000000146758595a00000128000000146258595a0000013c00000014777470740000015000000014725452430000016400000028675452430000016400000028625452430000016400000028637072740000018c0000003c6d6c756300000000000000010000000c656e5553000000080000001c007300520047004258595a200000000000006fa2000038f50000039058595a2000000000000062990000b785000018da58595a2000000000000024a000000f840000b6cf58595a20000000000000f6d6000100000000d32d706172610000000000040000000266660000f2a700000d59000013d000000a5b00000000000000006d6c756300000000000000010000000c656e5553000000200000001c0047006f006f0067006c006500200049006e0063002e00200032003000310036ffdb004300030202020202030202020303030304060404040404080606050609080a0a090809090a0c0f0c0a0b0e0b09090d110d0e0f101011100a0c12131210130f101010ffdb00430103030304030408040408100b090b1010101010101010101010101010101010101010101010101010101010101010101010101010101010101010101010101010ffc000110803e803e803012200021101031101ffc4001d000100020203010100000000000000000000080906070104050203ffc40056100100010303010405050b070a0403090000010203040506110708122131091341516114225771811516181932529295d1d2d323425582919394173356627273a1a2d4f0244354632534a3263544537483b1b2b4ffc4001c0101000203010101000000000000000000000102050607080403ffc4003a1101000101040607060504030100000000000102030405110621315191d1121641536181a10715175271c113145492b1222332434262f0e1ffda000c03010002110311003f00b530000000000000000000000000000000000000000000000000000000000000000000000000000000000000000000000000000000000000000000000000000000000000000000000000000000000000000000000000000000000000000000000000000000000000000000000000000000000000000000000000000000000000000000000000000000000000000000000000000000000000000000000000000000000000000000000000000000000000000000000000000000000000000000000000000000000000000000000000000000000000000000000000000000000000000000000000000000000000000000000000000000000000000000000000000000000000000000000000000000000000000000000000000000000000000000000000000000000000000000000000000000000000000000000000000000000000000000000000000000000000000000000000000000000000000000000000000000000000000000000000000000000000000000000000000000000000000000000000000000000000000000000000000000000000000000000000000000000000000000000000000000000000000000000000000000000000000000000000000000000000000000000000000000000000000000000000000000000000000000000000000000000000000000000000000000000000000000000000000000000000000000000000000000000000000000000000000000000000000000000000000000000000000000000000000000000000000000000000000000000000000000000000000000000000000000000000000000000000000000000000000000000000000000000000000000000000000000000000000000000000000000000000000000000000000000000000000000000000000000000000000000000000000000000000000000000000000000000000000000000000000000000000000000000000000000000000000000000000000000000000000000000000000000000000000000000000000000000000000000000000000000000000000000000000000000000000000000000000000000000000000000000000000000000000000000000000000000000000000000000000000000000000000000000000000000000000000000000000000000000000000000000000000000000000000000000000000000000000000000000000000000000000000000000000000000000000000000000000000000000000000000000000000000000000000000000000000000000000000000000000000000000000000000000000000000000000000000000000000000000000000000000000000000000000000000000000000000000000000000000000000000000000000000000000000000000000000000000000000000000000000000000000000000000000000000000000000000000000000000000000000000000000000000000000000000000000000000000000000000000000000000000000000000000000000000000000000000000000000000000000000000000000000000000000000000000000000000000000000000000000000000000000000000000000000000000000000000000000000000000000000000000000000000000000000000000000000000000000000000000000000000000000000000000000000000000000000000000000000000000000000000000000000000000000000000000000000000000000000000000000000000000000000000000000000000000000000000000000000000000000000000000000000000000000000000000000000000000000000000000000000000000000000000000000000000000000000000000000000000000000000000000000000000000000000000000000000000000000000000000000000000000000000000000000000000000000000000000000000000000000000000000000000000000000000000000000000000000000000000000000000000000000000000000000000000000000000000000000000000000000000000000000000000000000000000000000000000000000000000000000000000000000000000000000000000000000000000000000000000000000000000000000000000000000000000000000000000000000000000000000000000000000000000000000000000000000000000000000000000000000000000000000000000000000000000000000000000000000000000000000000000000000000000000000000000000000000000000000000000000000000000000000000000000000000000000000000000000000000000000000000000000000000000000000000000000000000000000000000000000000000000000000000000000000000000000000000000000000000000000000000000000000000000000000000000000000000000000000000000000000000000000000000000000000000000000000000000000000000000000000000000000000000000000000000000000000000000000000000000000000000000000000000000000000000000000000000000000000000000000000000000000000000000000000000000000000000000000000000000000000000000000000000000000000000000000000000000000000000000000000000000000000000000000000000000000000000000000000000000000000000000000000000000000000000000000000000000000000000000000000000000000000000000000000000000000000000000000000000000000000000000000000000000000000000000000000000000000000000000000000000000000000000000000000000000000000000000000000000000000000000000000000000000000000000000000000000000000000000000000000000000000000000000000000000000000000000000000000000000000000000000000000000000000000000000000000000000000000000000000000000000000000000000000000000000000000000000000000000000000000000000000000000000000000000000000000000000000000000000000000000000000000000000000000000000000000000000000000000000000000000000000000000000000000000000000000000000000000000000000000000000000000001c731ef398f78391c731ef8398f7c0391c731ef8398f7c0391c731ef8398f7c0391c731ef8398f7c0391c731ef8398f78391c39000000000000000000000000000000000000000000000000000000000000000000000000000000000000000000000000000000000000000000000000000000000000000000000000000000000000000001c4cc4473320e3f631dde7bff66f4fb48ab5bde7b8b0b48c3a7988af22e7155c98fe6d1447ceaeaff569899f8341768eed93a4f4cefe56cae9f536357dcd6b9b791915cf7b174fabca69ab89fe52ec7e6c78533f95333134a046eede9bab7eeb57770ef1d7b2f55d42f7e55ec8af9eec73f934d31f368a63d94d31111ec86f1a3fa1179c5a98bc5e67f0ece767cd31e11d91e33c1a4639a6776c32a9b1bb474ed236ee89f19ed9f084d5dfde90edb1a7ddb985d3bd9d95ab4d33dda73350b9f27b333f9d4d14c555d51fed4d13f0693d7fb74f680d62baaad3b57d2b44a667c29c2d368af88faeff00ac47e1d32e7a1d83dce9ca2ca2a9df56bfe7570873abde9662d7c9ce6d6698dd4eafe35f196dcfc2dbb44fd27e77f84c6fe1bf3bfdabfb43645a9b573a9da8453e1ccd162c5157f6d3444b538c9fb970d8ff00451fb63931def8c427fdd57ee9e6d9ff0084f75f3e94f5afd3a7f74fc27baf9f4a7ad7e9d3fbad6027dcd8777147ed8e4a7bdaff00df55c679b67fe13dd7cfa53d6bf4e9fdd3f09eebe7d29eb5fa74feeb5807b9b0eee28fdb1c8f7b5ffbeab8cf36cffc27baf9f4a7ad7e9d3fba7e13dd7cfa53d6bf4e9fdd6b00f7361ddc51fb6391ef6bff007d5719e6d9ff0084f75f3e94f5afd3a7f74fc27baf9f4a7ad7e9d3fbad601ee6c3bb8a3f6c723ded7fefaae33cdb3ff09eebe7d29eb5fa74fee91da7bafd13cff952d6bc3df551fbad601ee6c3bb8a3f6c723ded7fefaae33cdbdb6ff6d9ed09a1dda6bc9dd389ac5aa679f539fa7d99a67e1355a8a2bff99bf7a69e906dababdeb5a775376e5ed0aed7314fcbf0a6ac8c6e7df5d1c7aca23eaefa060c5dfb44308bfd33136514cefa754fa6ae312c9dcb4af14b9551316b3546eab5c7aebe12b9dd0b5fd1b72e976359dbfaae2ea383934f7ece4e35da6e5bb91f0aa9f07a2a99e8af5eb7c74435da73f40cbab274abf7299cfd26f573ea3269f2998fccb9c79571e3e5cc551cd3366dd30ea76d6ead6d2c6ddfb4b326ee2def9976d57111771af4444d566e53ecaa398f84c4c4c4cc4c4b90e9168bde300afa533d2b39d957da774ff2eada3fa4b77c728e8ff8da46da7ef1be19900d65b38000000000000000000000000000000000000000000000000000000000000000000000000000000000000000000000000000000000000000000000000000000000000000000000000000000003e67dde5e0897db27b4eded9566f74ab606a136f5fcab51f74f3acd7c55a7daaa2262dd131e576ba67999f3a299898f1aa269dd7da03aaf8bd1de98ea9bbe7d5dcce988c5d36c573e1772ebe628898f6c53c555d51eda68aa1547aaea9a8eb7a9e5eb3abe65dcacecebd5e4645fb93cd776e5733355533ef99996ff00a0fa394e256b37dbcc676744ea8df578f847acf9b42d34d20ab0fb38b95de72b4aa35cee8f0f197566666799f199f1f1720ed71111aa1c72673d7200900000000000000000000006e1ecbdd70cae8c750acdecec9afef7358aa8c4d5acf3f368a79f997e23f3adccccfc699ae3db1c69e1f1dfee56388ddabbb5b4674d5194ff00edf1b63c5f5dc6f96970b7a6f163394d339c7fedd3b257536eedbbf6e9bb6ea8aa9aa22aa662798989f29897eb332d1dd8e7a817f7f743b499cebf3733b41aebd1afd733ccd516a299b533f1f535db899f6cc4cb78f9fdaf34dfae95dc6f36976b4db4ccc70e6f455c6f54df6ed45e29d95444f1ec7d00f99f580000000000000000000000000000000000000000000000000000000000000000000000000000000000000000000000000000000000000000000000000000000000000000000000000000f9ae78a2a9f7448899ca33578f6faea45edc5d4cc5e9fe25e9f90ed7c7a6bbb444f855977e98aea9f74f76dcda88f74cd7ef45f641d46dcb7378effdc5baae57de8d5754c9caa7c79e28aee5534447c229e223ea63ef4ae0570a70ec3ec6ef11b298cfeb3ae7d7379d71abed5885fed6f133b6672fa6c8f4006598a0000000000000000000000000004daf4716ad72e636f8d06e57fc9dab983976a9f673545ea6b9ff0092da6ac4f32843e8dfc1bbf29df7a9551316a28d3ec53e1e1555ce4553e3f08eefe926ec478bcf9a6b14c6376fd1f0e3d18779d0e9aa706b2e978ff32fa01abb670000000000000000000000000000000000000000000000000000000000000000000000000000000000000000000000000000000000000000000000000000000000000000000000000001f373fcdd5f54be9c4c73131ef82115467130a51bd6ae58bb5d9bd44d372dd534554cfb2627c61c363768bd937f60f5a37568372d4d166bcfb99d8b3ec9b17e7d6d1c7bf88afbb3f1a661ae5ea0b8de29bdddacede8d95444c79c66f34df6ef55daf35d8d7b626627ca401f5be60000000000000000000000000044ce519ca62339c9631d8236b7dc4e89d7afdcb7c5cdc1aa6464d354f9cdab7c59a63ea8aaddc9fb6525e2585746b6afde474af6aed6aed772ee9fa563dbc88ffdf9a22abb3f6d75552cd3ea799b18bd7e76ff006d78ecaaa9cbe99eaf4c9e8cc1eedf93b8595876c5319fd72d7eafa018e64c0000000463ed77db0b4de8260fde86d2b78fa8ef8ceb3eb28b7727bd674db5544f76f5e88fcaae7ce8b7ed8f9d5711c4541ba3a91d60e9b748b4a9d5fa89bb30746b331336adddaa6abf7f8f65ab34c4d773fab13c7b78447dff00e943d0712e5cc4e98f4e32f5088e629cdd672631e8e7df166df7aaaa3ebae99f87ba05eeede7bab7f6bf93ba379ebd99ac6ab97577aee4e55d9aea98e666298f6534c73e14d3114c47844443c75b2129b5af491768bd52bae74f8db1a4533cf763134caabeef97b6f575f8f87fc67e1c78df8c17b50ffa6ba7fea6c5fdc4720c84add17d251da174db94cea587b5356b7cfce8c8d3ae5baa63c3ca6d5ca6227ec9f3f26ece9e7a4f7666a97ede1753360e7e85de98a673b4dbf1996627f3aab7314574c7fb3df95730642f4b62f51763f53b44a371ec2dcf81ade9f5cf766ee2dce66dd5c73dcb944f155bab8f1eed7113e3e4c99467d31eaaefbe8f6e9b1bbf60ebb7b4ecdb531176889ef59cab7cf8dabd6fcae513ee9f29e2626262262dcfb3875ff6e7685d8746e9d26dc616a7875538dabe9b35f7aac4c8e39f09f3aadd51ccd157b622627c699888981b64040000306eac758f6074536cd7bab7feb54e0e3cccd18d6288efe465dc88e7d5d9b7cf354fbfca23ce6623c5edef7de5a074f7696abbdb74667c974ad1b1abcac9b9c733dda7ca9a63db5553c534c7b66623daa67ebaf5af74f5e37fe6ef5dc97aba2ccccd9d37062be6de0e2c4f345aa7e3edaaaf3aaa999f7444c466247f507d275d46d4f32e58e9b6cdd1f43c08aa628bda977b332ab8f655c5334dba39fcde2be3f3a5af6dfa423b4fd1769b956eed32e5313ccd1568d8ddd98f74f14c4f1f6f28e027213cfa3de934d46e6a98da475ab6be153857ab8b756b1a3d15d1558e67f2ae58aa6aefc7be689898889e29aa7c13df4ad574dd774cc5d6b46ceb19b839b669c8c6c9c7b915dbbd6ea8e69aa9aa3c262627cd42ab17f465f56f2f5bdb1aff0048358cdaaed7a04d3a9e934d754cd54e2ddaa69bd6e3dd4d17668abebbf289813840400003c8dcdb9b40d9ba1666e6dd5ac62697a569f6e6ee4e5655c8a2ddba7cbc667ce666622223c6666222266621ebab37d249d64d4f70f52ec747f4fccae8d1b6bd9b393996699988bf9f7a88ae2aabd93145aae88a7dd35dcf7f806d2dfbe93fd99a4ea17703a75d3bcfd7ec5babbb4e7e7e6460dbaf89fcaa2dc515d734cf8f1deee4fc3d8c7749f4a85f9cda29d77a3344625531172bc4d6e66e511ed98a6ab3c55f5734fd68122d90bb3e8cf5d7a7bd78db756e4d83aa5777e4f545bcdc1c9a22de561dc98e629b947331c4c44f1553334cf13c4ccc4c46c5536f641ea7e7f4bbaf9b5f51b79d558d3758ccb7a36a944d5c5bb98f915451cd7f0a2b9a2e73fea7d6b924480081ae7b4075669e8874a35bea4fdcca352bba5fc9e8b3875dd9b517abbb7e8b511de889e38efcd5e5e54ca1c7e352d7fe8674ff00d775ff0005b27d271b9a34ce8ce83b6addd8a6eeb5afd172aa79f1aacd8b3726ae23fdbaed7fdcab2d310275fe352d7fe8674ffd775ff0522fb26769ad63b4a60ee5d4b50d916340c7d0af62d8b35dacdab23e515dca6e4d713cd14f77bb1451efe7bfece3c6a25695e8dadb33a2f67bb9addcb7315ee0d772f2e9aa7db6edd345888faa2ab573ed992604ae0100fc2f5fb38d66e64645ea2d5ab54cd75dcaea8a69a6988e666667c22223dac43ab7d59d9fd17d9599be77ae74d8c3c6e28b366888aaf65df989ee59b54ff3abab89f84444cccc444cc552f680ed5fd4febeea7916753d4aee91b67d6738ba0e1dd98b14d313f366f4c7137ebf7d557844fe4d34f92721625d42edc7d9cba7b72f61dddeb3b833accf156368367e57e3f0bbcd3679f87ace5a535af4a6ed5b15cd3b73a43ab675113e139baadbc5998faa8b777ffe55e027213b6e7a5435b9b954d9e8be0d344d5334c55ae5754c47b2267d44733f643e7f1a96bff433a7febbaff828281909d7f8d4b5ff00a19d3ff5dd7fc13f1a96bff433a7febbaff82828190b34eceddbb37075dfaada674eabe98e26978f996b27232332dea95deaacd16acd55c4c5136a2279ae28a7ce3f2b9f84cc456a7a2ff6cfcbbaabbab75dcb73553a46874e2533eca6e645ea6627ebeed8ae3ed9f82cad123a7a95cceb7a7655dd2f1eddfcca6cd7563dab973b945cbb14cf769aaae27bb133c44cf13c202677a50b756999d91a6ea1d11c2b1958976bb17ad57acd7155bb94ccc554cff23e713130b075577a43ba3f3d3feb2fdfc6998bdcd237bdbab379a69e29a33a8e23229faeae68b9f19b957b881b13f1a96bff00433a7febbaff00827e352d7fe8674ffd775ff050504e42ef3a27d53d33ad3d31d0fa8da5d9a71a9d52c7fe23162e77fe4d9344cd176d77b8899eed74cf13c4731c4f1e2cf15cfe8cbeaefdcbdcdadf45f55cae31f5aa2ad5b49a6aabc232ad53117edd31efaed4535fd562af7ac615900460edadda92df43f697de86d2cca7efdf70589f93cd33133a6e34f34d593547e7cf134db89f0ef44d5e3147150783da27b7fe89d1fdf773606d0dab8fbab274ea669d5722acf9b16b1f239ff314cd3455dfaa98fcbf28899eef9c5511abff001a96bff433a7febbaff8282b7af5ec8bd732322f5776eddaa6bb972baa6aaaaaa67999999f19999f1e5c2d909d7f8d4b5ffa19d3ff005dd7fc16f0ecbbdaafa81da435ecea69e956268bb774aa3ff19aa7dd3aeeff002d547f2766dd336a22bae7ce7c6229a7c67c66989adbe8bf4877475c37fe9db0b6b59e2ee4cfadcbcaaa999b7858b4cc7acbf738f64731111e1deaaaa698f1aa1727d2ee9a6d6e916c8d3761ecfc18b1a7e9d6f89aeae26e645d9f1aef5c98fcaaea9f199faa2222222222465c02000000000000000000000000000000000000000000000000000045bedbfd09c9dfdb5acf5136ce24ded6b6d5aae326cd11cd79583ccd5311efaadcf7aa88f6c555f9cf10af35d6cc533ece7c10cfb4af62abbad6665efce8ee259a726fccdecdd0e2628a2ed53e33731e678a6999f39b73c44f8f7663c299e97a15a596772a230ebece54ff00c6a9d919f64f86e9736d30d17aef554dfee74e757fca98db3976c78a0f0eceada56aba1ea37f4ad6b4fc9c0cec6aa6ddec7c9b555bb96eaf7554d51130eb3af59d74da53d2a6753955745544f46ada00b2a00000000000000000000032ee8f6d69debd53da9b5e6d7acb79faae3517e8f7d88ae2abb3f65ba6a962291fd8276bfddbeb755aeddb7cdad034bbf934d531cf17ae716698fb69b9727faac463b7b8b8e1b6d6fdb14ce5f5cb28f564f05bafe7310b1b0ec9aa33fa679cfa2c8298e2988f7439079ade8c88cb50009000000619d5fea4697d23e9aebfd45d5e98aece8d8955db76a6ae3d7dfaa628b36a27fd7b95514f3ece79f6293f76eead777cee6d4f77ee6cfaf3354d5f26bcacabd57f3abaa79e223d94c471111e5111111e4b0bf4a0ef1bfa674f3686c8b17668a75dd52fe6de88e7e7dbc5b74c4533f0ef64533f5d31ee56fad005145776ba6ddba26aaea98a69a698e66667ca2204e5f46a744b43dc399acf5a770e1daccaf44cc8d3346b77698aa9b39516e9b976ff0013fcfa69b96a299f677aa9f3e26034dec3ec25da3b7e60d9d529da78fa0626453155bb9ade4c63573131cf336a22abb4ff005a8865fa9fa33fb42e0634dfc5d5f65ea55c7959c5d4afd35cfdb76c514ffc56902331469d47e927523a47aad3a375176867e8991739f5355ea62ab37e23ce6ddda266ddc88e639eed53c72c497a5bff00a7bb47aa1b5f3367ef8d12c6a5a666d134d56ee53f3add5c4c45cb7579d15c73cc551c4c2a5fb42f65adedd10ea2e2ed2c1c3ccd7b4dd7eecc6decac6c7aabbb99e311ea268a63fcfd3cd3134c79f34cc79f1131234aa69fa38ba77d61c2dff5751b4fd36ac2d8f95877b0b50bf9754dba73fc266dfc9e9e27d65545da6999afc298a7bf4f7b99e2735eccbe8f1c4d3a30f7bf5f31ede564fcdbd8db6a9afbd6ad4f9c4e5551e15cff00ed533ddfce9ab99a627462e363e062dac3c4c7b7631ec514dab56add114d16e8a638a69a698f0888888888844c8ec0080062bd4fea0e8dd2ce9febbd40d7ea88c3d130ebc89a3bdc4deb9e56ed533f9d5d734d11f1aa0105fd251d72af50d6b03a15a0667fe1b4df57a96b936eafcbc8aa9e6c58abe14d1317263c6266ba27ce94197abbbf746afbdf74eadbc35fbfebb52d6b36f6764d7ecf5972b9aa6223d94c73c447b22221e52c0e26269998aa26263cdbcbb1b74629eb475b74ad3b52c39bda0685ff00c5f5789a79a2bb56e63d5d9ab9f098b973b94cc79f77bf31e4c4bb476894edeebe750b4ab7445bb76f71e7dcb54447114dbb97aab944478cf84535c47ec48d76915d80b73dcdb9da736f62facee59d7317374cbd3ef89b155da23edb966da3ab60767bd7636df5d7606b55dc8b76f1f71e045eaa67888b55dfa68b9ff255502ee00500001497da337355bc3aefbf77045735dbbfafe65bb3577b9e6cdab936ad7fc9453e0b9bddfaf58da9b4f5bdd391ddf55a3e9d93a85cef79776d5aaab9e7e1c52a21bd7aee45eb9917ab9aee5daa6baea9f39aa679994c0e00582ddcb966e5176d5caaddcb754554d54cf134cc794c4fbd797d27de96fa8dd33dafbea8ee77b5cd2b1b32ec53e545eaadc7aca3fab5f7a9fb1468b49f46f6f8fbe3e825ddb17f23bd91b5756bf8b4d133ccc63dee2f5b9faa6baef447fb28912bc054571fa52372ce56fbd91b3e2bf0d3749c8d4aaa63df937a2dc7ff00e5ff00be508d20fb7aee6fbe3ed3bb9ad5bae6ab3a3dac4d32d4cd5cfe458a2aae3e1c5cb973c3edf6a3e2d00ba2ecb3b6bef4fb3bf4ff0047f5714553a1d8cdae988e38af263e51544fc7bd7679f8f2a69d0b48cadc1ade9fa0e1533564ea5956b12cc4473335dcae28a7c3dbe330be2d3b071f4bd3f1b4cc3a3bb6312cd162d53eea28a62988fec8448ed034cf6bdea2dde99767cddbaee1e44dad433716349c1aa9ab8aa9bd933eabbd4cfb2aa68aabae3e342057476caed0195d72ea9e559d2f36aab6a6dcb9730747b54d5f32f713c5ccaf8cdcaa9f09fcca688f3e79d080b83deda5d3ddf9bf6fd78db27666b7af5cb73117234ec0bb91eaf9fce9a2998a7ede1b23b26742adf5f7ab589b67549bb4683a6d9ab52d62bb7334d5563d1553116a9aa3caaaebaa9a79f38a7bd31e4b7cdb9b6f41da1a3636dddb1a362697a66153eaf1f1312cd36ad5ba7c7ca98f0e667c667ce66666513229e2df648ed2776dd3729e8e6e188ae22a88aac534cf13ef899e627e13e2fbfc113b4b7d0e6bff00dd51fbcb9a1198a65fc113b4b7d0e6bffdd51fbc7e089da5be8735ff00eea8fde5cd066225fa3d7a35bcfa51b2f7665efddb193a1eabacea966dd36326988b95e3d8b3cd15f84cfcdef5eb911f1894b404034676c7e8f7f963e86eb5a6e062faed6f448fbb1a5711f3eabd66999aed47fbcb735d311e5de9a67d8de60281c6eded8bd20ff23bd72d6b4ac1c4f53a2eb33f763498a69e28a6c5eaa66ab54fba2ddc8b944479f14d33ed86925c7b9b13796b1d3cde7a2ef9d02ef733f43cdb59b679998a6b9a2a899a2ae3ce9aa39a6a8f6c5530bbfd93bb747dfbb4747de7b7ef4ddd3b5bc2b59d8f54fe54517298abbb547b2a8e7898f64c4c7b1448b01ec05da436f6d9e93eead9bd41d729c3c4d936ebd6b12edd9e67e4372be2e5ba23db34dfaa38a63c6672222112253f683eba6dae8074f72b78eb75537f3eef38fa4e9d15715e6e54c7853ef8a29fcaaeaf6531ed99a6269cb7c6f5dc9d45dd7a9ef6ddda9579dab6ad7e72326f55eff28a698fe6d14d3114d34c784534c4479335ed11d7adc7da0ba8593bb757efe369b63bd8fa469ddee69c3c5e7c23dd35d5e155757b67c3c222988d5e4403bda0683acee9d6f076e6ddd36f67ea7a95fa31b131acd3cd776e553c534c7fdf11e72e8acd7b087654a3a6ba2daeadefdd3b8dd5ac63f3a762dea7e7699895c79cc4f95eb913e3eda69f9be1335c13390db3d96bb3968dd9e36051a5cfa9cbdcbaac5191ae6a144785cbb11f36cdb99f1f556f998a79f399aaae23bdc46ea0540000000000000000000000000000000000000000000000007cf1c4fd64470c3b7f75070762656d8c7cd9a7ff00b49aed8d16df7b9e62bbb45c98988fae888e7cbe77d4cc62af6fb256aaceaa698ae6354ecf27e54da515555514ceb8dbe6fa0157ea000c537a74bfa7fd45c58c4dedb474dd5e9a22628b991663d6db89f3ee5c8e2ba3fab30d31acf608e84ea772baf029d7f488aa7c28c4d422a8a7c7d9eba8b93fdb33e69233cb8e39f3642eb8b5fae51d1bbdb554c6e899cb86c63af584dc6f939dbd95354ef988cf8a2d7e2efe8eff00a53bcbfc5e2ffd39f8bbfa3bfe94ef2ff178bff4e94dc1c3ebeb2e2dfa8ab8be3eade15dc528b3f8bbfa3bfe94ef2ff178bff4e7e2efe8effa53bcbfc5e2ff00d3a537070759716fd455c4eade15dc528b3f8bbfa3bfe94ef2ff00178bff004e7e2efe8eff00a53bcbfc5e2ffd3a537070759717fd455c4eade15dc528b56fd1e3d1ba2e5372adcbbc6b8a662668ab371b8abe13c63c4ff64c3bdf8bfba1ff00facdcbfe3e8fe1a4c38e2113a498bcedbc55c531a398547fa29e08cff800743bff0059b97fc7d1fc33f000e877feb372ff008fa3f8692fe1ee3c3ddff13ac98b7ea2be32b75770aee29e08d1f800743bff0059b97fc7d1fc33f17ff43bff0059b97fc7d1fc3497f0f77fc4f0f77fc4eb262dfa8af8c9d5dc2bb8a78234fe2ffe874fff008bdcbfe3edff000de6eb1e8f4e93e5e34d3a36e4dc9a7e471f36baef5abd6ffad44db899fb2a84a88f3733ca69d25c5e89ce2f1571cd4ab46f0aaa329b0a7864ad5eabf624eaaf4f6cded576e773776956626aaebc0b53465dba63db563cccccff0052aae7ce66223c51e6aa66899a2b89a6699e2627c385d7cfb915fb577650c0dfb8597d41e9e69f6b177363d155fcbc4b3445346a74c44cd53c44785ff74ff3fca7c7898deb4774fabb4b4a6ed89e5af54571ab5ffda3679c65934ad20d08a6cece6f386e7ab6d33af5784fd95f29e3e8ebdaff0024d97ba378dcb73156a7a8dac1a2a98f3a31edf7a663e1355f98fae9f8206d54cd133457134cd33c4c4f870b54eca5b5a369f4136961554445ecdc3fba7727db339354dea79faa9ae8a7faacc7b42be7e0e171634cebb4aa3846bfe72627412e7f8b89fe24eca2267ce75736dd01c49da00000000015e5e951ff00effe9dff00fa3d4bff00ef61051653e93ad8b97adf4c36d6fbc4b355c8db1a9dcc7c9e23c2dd8cba698efcfc3d659b34fd75c2b59680581fa367adbb374ddb1a9f46f70eb18fa76af7754af52d2e326e45ba7328b96edd155aa267c26e5355be7bbcf35457e113dd9e2bf0245fc0a55d8fda7fafbd3aa2dd9dabd52d6ed635ae228c5cabb1996298f7536efc574d31f54437b6cef49cf57f499a2cef2d9fb7370d9a78e6bb31730722af7f3544d76ffb2dc7da8c859a3f0b962c5db966eddb3457559aa6bb75554c4cd154c4d3334cfb278998f0f64ca296c1f492f437734dbc6ddf81ad6d1c9ab8ef579163e578b133ec8b9679afed9b71092fb5379ed3df5a4dbd7b65ee3d3b5ad3ee71119183914dea2278e7bb3dd9f9b578f8d33c4c7b6103dd00000057cfa4c3ad5ebb2b49e85e89973dcc7ee6afae7727ceb989f93d89faa99aae4c797ceb53ec4e5df9bc748e9eecdd6b7c6bd73b981a2615dcdbdc4c4555c514ccc514f3e75553c534c7b66a885236ff00dedad751f7aeb5bef715ef59a86b799732ef78ccd3477a7e6d14ff00ab4d3dda698f64530981e0836a7660e8f5ceb7759b42d9d7ec5caf49b77273f58ae9fe6615a989ae267d9df99a6dc4fb26e42c2c27b02f46ff00c9874571f71ea98b55ad737ad546a99315c7155bc58898c5b7f5772a9b9ef89bd313e4843dbcb479d23b51eefae289a6de7d383996f989f1ef625a8aa7e3f3e9afc96e96ad5bb56e9b56a8a68a2888a69a698e22988f2888f72b13d269a3c60f5e348d52dd1114ea5b6b1eaaa788899b94645fa27ebf9b16fcd58111dfb69d9d91a667e36a7895776fe25ea2fdb9e6638aa9aa2a89f0f1f38f64bf11617dba667d8d5b4dc5d531679b39962de45b9e7ce9ae98aa3cbe130edb5df678d73ef93a11d3fd62ab9dfb97b6e605376ae79e6ed1629a2b9fd2a6a6c450000691eda1b9fef5bb32efacda6ed545ccdc1a34ca229f3abe53768b3547e8575f3f08953aaccbd275b97ee6f4736fed9b57229b9acebf45dae3bde3559b166e4d51c7fb772d4f3ece3e2acd5a001d8cbd373f071f0b2b3316bb56b51b13938b5d51e17ad45daed4d74fc3d65ab94fd74ca475d317d191be3ee3756b5fd8d7eef76c6e5d27d7da8e7f2b2716bef531c7fbbbb7e7fabfd90e9b07b3def8a7a71d6dd97bcabbdeab1f0357b14e557cfe4e35d9f557e7fbab95a245db8311eac6e59d99d2eddfbb6ddc9a6bd1f43cecdb731e7eb2dd8aeaa623e3354447d6a8a60eae6e58de7d53ddfbae2ed3728d5f5ccdccb7553e5eaebbd54d111f08a66988f8431405c6ddec8fb67efb7b496c0d2a6d4dca2c6ad46a3547b38c5a6ac8f1f87f25f6f97b5736abbf4686d98d5faf1a8ee0bb444dbd0b41c8b9455c73c5ebb72ddaa63e1f32abbfd8b445641093d28bb9fe47d3dd97b3a9b9313aaeb17f51aa23db4e359ee78fc39ca8f0f87c136d595e93adcdf747ac7b7f6cdab9deb5a2e834ddae39fc9bd7ef5c9aa38ff62dda9e7e24087802c2c57d171b529c6d97bd37bdcb31ded4753c7d2eddc9f3eee3daf595447c267229faf8f8271a9bfa4fdaf3ac5d15da54ec9d8993a3d8d369c8b995317f4fa6edcaaed7c77aa9aa67c7c2988faa219a7e318ed2dfd27a07ea9a3f6ab90b5c1547f8c63b4b7f49e81faa68fda7e318ed2dfd27a07ea9a3f6990b5c185f4675ddc9ba3a4fb4773eefb96aad6759d1f1750cb9b567d55315deb717388a3f9bc45511c7c19a20000000452f487747feff00fa37f7f3a662facd5f64dcab36669a79aabc0af88c8a7cbf9bc517399f28b75fbd568beed43030f55c1c9d2f51c7a323132ecd762fd9ae39a6e5bae99a6aa663db131330a4debb74c32fa37d59dc7d3dc9f59559d332e670aed71e37b12b88aec57cf94ccdbaa9e78f2aa2a8f6260606e22662262267c63c7e2e45801bcbb26766bd4fb436fb8b39d45fc6da5a35545ed673298989ae9e79a71add5ffe657c79ff00369e6af3e22436e7609eca9f7f1aa63f5a3a81a6c55b774dbdce8d877a9e69d432a8abfced513e76add51e1ecaab8e3ca9989b2a74347d1f4bdbda561e85a2e0d9c2d3f02c518d8d8f669eed16ad511c534d31ec888877d4000000000000000000000000000000000000000000000000007133c473ee041ff484ef8cbc0dd1b1f6ee9797559cad2e9bbadccd33e34dc9b94d366bfb26d5de3eb94abe90f5134ceaaf4f747deda5d544467588f9459a6799b1914f85db73fecd713c7be389f6abb3b61ee88dd5da0372556ae7acc7d2a6ce9967c79eec5ab711723fbd9b8ecf65ced1797d0fdcb734fd626edfda9abdca7e5d6688ef558d73ca326dd3ed988e22a88fcaa623ce69a5d56f7a2b5def47aef55847f768a7a596fe96b98faeefa396dd349a9ba63f6ff8d3fdbaa72cf765aa27e8b3e9f0f1e1cc712f276f6e2d177568f89afeddd4ac67e9f9b6e2ed8c8b15f7a8b94cfba7dfec989f1898989e25eb7978b95554d544cd3546530e9d45515c45544e712e401fa0000000000000000000003872003898e6387202ba3b5e7432ad0fae3a4d7b6b1a9b189d42c9a22c534d3f328ceaaed345e888f74cdcb773ebb9544792c2b4ad3f1b49d33174cc3b7dcb189628b16a8fcda29a629a63fb2218a7503a7587be35bd9baa64c5b89db1adc6adcd5f9534d362ed314d3f5ddaacd53fec7d939b70cee298c5a62574bb585a4e73671313c757a4430385e0f461d7bbc5bd1194573131c35faccbe806099e000000000789bbf69e85beb6c6a9b3b72e15397a5eb18b5e265599f6d15471cc4fb2a89e262af3898898f18542768decc7be7b3dee4bb6352c6bda8edac9bb31a66b76ed4faabd4cf8c5bb9c785bbb11e74cf9f1334f31e2b9674357d1b48dc1a6e468daf69589a8e065d1eaefe2e5d9a6ed9bb4fe6d545513154787b6131390a161679d52f46ef48b785dbba96c0d573f6666dc99abd45ba7e5785354f8f85aaea8ae9f1fcdb9dd8f6528d1bd3d1c7da0f6d4dcb9b728d0f74e3d3ccd1f21ce8b17a698fcea32228889f8535549cc45a199ef4e8b756fa774d7777b74e370e916289e27272302e463ccfc2f444db9fb2a6189065dd30eacefee8eee6b3ba7606bf7f4ecba2aa7d75b89ef58cab71ff977adcfcdb94cf33e7e31cf31313c4c62202e5bb347688dbdda2b62c6bd85668c1d6f4d9a2c6b3a6457def93dd989eed744cf8cdaae22a9a667dd5533ccd332dc4a83ec37d48cce9ef689db98f4e4cd1a7ee7b9f70736d77b88b9ebfc2cf9f87317a2d4c7b78ef47b656f8ac803c7dd9b9f46d97b6b54dd9b8727e4da6e918977332aefe6dbb74cd53c47b6678e223db3311ed40845e930eb3558b81a3f43f45cbe2acceeeafadc5157fe5d354c63d9abebaa2ab9313e3f32d4fb55f8c9fa9fbff58ea96ffd77a81aed73397ad665791dcef7316adf95bb51fead14453447c298630b402cff00d1cfd1afbc7e955fea4eaf8b551ab6f4ae9b963bf1c4dbd3edccc5ae3dddfaa6baf9f6d336fdcac8d2e74da753c4ab59a322bd3e9c8b73974e3cc45daacf7a3bf144cf877bbbcf1cf873e6b08d33d271d33d1b4ec4d234ce926bb8d878362de363d9a332cf76ddaa298a69a63e111111f6122742be7d2a1a3cd1a874ef5fa29e7d759d4b0ee4f1e5dcaac574479fb7bf5fb3d8ca3f1a56c1fa2ddc1fe32cfec685ed6fdae76a768fdada1687a36ccd4f48cad1f50af2bd765645bb94d56eab734d54c453e3cf3dd9fb2511022f80b0b71ec13ae4eb3d97b6b5a9abbd774db99d835cf1c7e4e55caa98f2f6515d11edf2487436f460eb5197d1bdcba0d55f7abd3b71d77e23db4dbbd8f6788fd2b55cfda992ac800815c1e947dcd197bff656cf8b9cfdcbd22fea35531ec9c9bddcf1fb317fef9426481ede5b96771f69cdd34515cd56748a3134cb5ccf97abb14555c7c3f94aee23f2d00953da97a43f7a3d9d3a13bbece2c5baa344fb9f9f3c78d373263e5d6e99f8f7ae6573f1463d0347c8dc3aee9da061c4fafd4b2ece1dae29ef4f7ee57144787b7c656cfdb4ba778db8bb2d6e2d274ec6e6adb18d8faa61c71cfaba31663bf3f658f5b048a8b0122ed3b3e6f89ea47453666f4b9762ee467e93629caae279e726dc7aabff00fd5b75b5e76f4dcb1b73b31ee7b54dcee5ed62ee1e996bc78e7bf7e8aab8f8f36eddc6bef464efafbb7d24d7763645f9aefed9d5bd75aa667f231b2a9ef53111fef6de44ff0059e47a51f72fc9761ecbd9f4dee2752d5b2351aa88f6c63d98a239f87393ff007c2bda2b98058586fa2d36c4d8db3bf379576e67e5b9f89a65bae7d9ea6dd772b88fafe516f9faa13ad1b7d1f5b6236f7666d1336ab34dbb9af6766ea75c4478cf3766cd333f5d1628fb3849256414dfdb3b72c6e9ed33beb3a9b9155bc2cfa34ca223ca9f935aa2cd51fa76ea99f8ccae272722ce2e3ddcac8ae28b5668aae5cae7ca9a623999fec5116edd7efeebdd5ad6e9ca9aa6f6b1a864ea1726af3efddb95573cfc79a881e583d6d9fb5359df5bab49d9bb7acd17752d6b32d6162d15d71453372e5514c77aa9f288e7999f772b0f2449cfc5cfda5bfa3340fd6d47ec3f173f696fe8cd03f5b51fb10231bb5a469795ae6ad85a2e0d11564e7e4dac5b313edaebaa29a63fb66124bf173f696fe8cd03f5b51fb1997467b02f5c36b756768ee7de1a7e89468da36b18ba8e5cdbd429bb54d166e45c8a628e3e77334c471f133163da4e9b8da369787a461d334e3e0e3dbc6b513eca28a629a7fe110ee02a0000003e66629899998888f199954af6eceb1eceeb075868af666259bb89b7312749af56a2ae7ee8d54dcaaa99a7d9eae8aaaaa299f3ab9aa79989a78915dbefb56c6dbc1cae86f4f75398d5b36d77370e6d8afc712c551ffcad331ff995d33f3ff3689e3cea9eed74a62000587a5b5b44a372ee6d236e5cd4f1b4ea754ceb18556664f3ea71e2e5ca68f595f1e3dda7bdccf1ec85d8f48fa55b57a2fb134ed83b3f17b989834f7af5faa23d6e5e45511eb2fdd98f3aea98faa2229a638a69888a3c5c5763feafc7597a1da26b79d9537b5ad269fb91ab4d53cd756459a6222e4fb666e5b9b75ccfbeaaa3d8891bb80540000000000000000000000000000000000000000000000007cccf3e2ea6aba863695a665ea79b73b96312c577eed7f9b4534cd554ff00644bb7f16a2ed5dba6369f40f7766d35c5377331234db7113e354e45716aae3eaa6baa7ec97d372bbcdeef167614edaaa88e3393e4bedbc5d6ed696f3b29a667842af771eb793b9770ea7b8b3679c8d5732fe6dde679e6bbb5cd757fc6a97401e9eb3a22cace9a29d90f36da573695cd756d967fd28ebb7527a359d564ecdd6a6312ed515e469b954cddc4bf3ef9a398eed5e11f3a89a6ae238e78f04b3d97e90fd959d66dd8df5b3b54d2b27c22abd8155195627df54c5534574c7c222afae503460714d16c33169e9db51957f346a9f3cb6f9e6cde1ba4988e154f46c6bfe9f9675c7ff3c964df8787413fa4359fd5b5fed3f0f0e827f486b3fab6bfdaad9184f877857cd5f18e4cd75ff13dd4f09e6b26fc3c3a09fd21acfeadaff69f8787413fa4359fd5b5fed56c87c3bc2be6af8c723aff0089eea784f35937e1e1d04fe90d67f56d7fb4fc3c3a09fd21acfeadaff6ab643e1de15f357c6391d7fc4f753c279ac9bf0f0e827f486b3fab6bfda7e1e1d04fe90d67f56d7fb55b21f0ef0af9abe31c8ebfe27ba9e13cd64df8787413fa4359fd5b5fed3f0f0e827f486b3fab6bfdaad90f877857cd5f18e475ff0013dd4f09e6b26fc3c3a09fd21acfeadaff0069f8787413fa4359fd5b5fed56c87c3bc2be6af8c723aff89eea784f35937e1e1d04fe90d67f56d7fb4fc3c3a07fd21acfeadaff006ab643e1de15f357c6391d7fc4f753c279ad3b6bf6b1e80eedbd46260f50b0f1322af08b7a8dab9871cfbbbf769a689fb2a6dab191632ad53918f7a8b96ee44554d74551553544f94c4c79c295db2fa3fda1ba91d1acfb556ded5ee6569315f37f48caaeaaf16e5333f3bbb1ff00955ffaf4713cf1cf7a3c270b8a7b38e8d136987da4ccfcb565afce23579c79b2d86fb419aab8a2fd4465be9cf5794edf295b1f9f84b8e3df2d7bd19eb4ed1eb6ed8a7716dabd55abf6269b79fa7ddaa3d7625d98fc9aa23ce99e2669ae3c2a889f298aa98d87fd8e5f6f616975b5aac6da99a6aa754c4ba5ddef1657ab2a6dac6ae9533ae261f403f37ee0000000000000222f69cede7b5ba5df2bd97d2daf1371eeba79b57b2e2aefe0e9b57b7bd313fcb5d8fcca67bb13f953cc4d121bc3ad5d7ce9cf4136efddbdf3ab77722fd357c874cc7e2bcbcdae3d96e8e7c23df5d5314c7b6799889f7fa61d42d0baadb0b44ea0edcbb1560eb38b4dfa68ef455559b9e572d5531e1dea2b8aa89f8d32a4bde3bd375750770e56eade9aee56afab66d5debd939157354fba9888f0a698f6534c4444794424a7619ed5189d19d7aff4f77de7d56b67ebd7e2e5ac9afc69d333278a7d64fbad5711115fe6cd34d5e11dee67216963f0b37ece4d9b7918f7a8bb6aed315d1728aa2aa6aa663989898f09898f6bf740f9988aa262622627c2625a13ae9d8e7a41d5fd1350bf87b570341dd15d9aeac3d534eb518f337f8e69f5f451c5176999e22a9aa26ae3caa86fd689ed63da236df43fa73a9599d4ac5cdd9ac61dcc7d1f4ea6be6ef7eb89a7e515d31e34dba3c6799e3bd34f763c67c029f405c663d16aaf51d62d895e3d55d3769dcda5cd1344cf7a2af955be38e3c79e578ea71ec65b2efef7ed25b2b12ddb99b3a4e746b5915c47316e8c58f5b4ccfd7729b74fd7542e3959041df496f59a9d1f6ce95d15d1b3669cbd72aa753d629a27c69c4b754fa9b757fb7769ef7bff00918f64a68ebdaee95b6343d4371eb999462e9da5e2ddcccbbf5fe4dbb36e99aabaa7ea889525f59ba99a97583a9db83a89a9535db9d5f2eab962cd5573ea31e9f9b66d7f56dd3444f1e133133ed206180f476ded9dc3bc75bc6db7b5745ccd5b55cc9aa31f0f12ccddbd77bb4cd7577698f19e29a6a99f844cac3ce1b37f05fed11f42dbbff555dfd87e0bfda23e85b77feaabbfb01ac86cdfc17fb447d0b6effd5577f63adaaf674ebc687a6666b5ac749374e1e069f8f732b2b26f69b729b766cd14cd55d755531c4534d313333ee806bb0013b7d163aefaad67a83b6abab9f94e369f9d6e999f2f575dea2b9fb7d6d1fd90b0b5597a35f5c9d33b426469955ce29d636fe5e2c5333e155745cb57a263c63c622d55eff099f0f6c5a6ab200c37ac1b9a76674a7786eca6efabb9a4e859d956a7ff00769b35cd111f19abbb11f5a0530f55b7346f4ea7eedddb4dda6e51ac6b79b9b6eaa67989b772fd5553c4fbbbb31c31705c6deec87b6a775f694d81a6d5477e9c7d5a9d4aaf74462d1564733fdd2e3359d270b5ed233b43d4ad7acc4d471aee26451f9d6ee5334d51f6c4cab2fd19fb6beeaf5d753dc376989b7a1e817eba2663c62f5db96edd3ff24dd5a12b2286774edecdda5b9f57daba947197a367e469f911c71fca59b955babc3eba65e6a4476f7d8f1b2fb496bb9162c45bc5dc9631f5bb31c79cdca7b9767edbd6aecfda8eeb095be8dddf13b6faf37b6a5ebd14e3eebd2afe35344cf1139163f97a27f428bd1fd67a9e938dcb3a8f59b41db36ee4d56b45d068b95473f937afdeb935471fec516bfef8468e936f5afa75d4edadbea9aaa8a344d5b1b32f453e7559a6e47aca7fad477a9fb596f6acea0617533b40ef2dd7a4e55193a7559b185857add5155bb9671edd3629b944c79d35fab9ae27dbde57b46a80641d39db53bcfa81b6768c515573ad6af87a7cc47baedea689ff00855e6b0b9de86ed9fbcee8dec8db155134dcd3f41c2b57a269eecfaef534cdc9e3d9cd7354f0cedf31114c44444444784443e941ad3b496e6fbd0e82efdd7e8b9dcbb6741cbb366b89e269bb7689b56e63faf7295292debb765cbd6bb2a6f9aacd755354d3a753334fe6cea38d1547d5c4cf3f0542ad0090dd81b6d46e3ed39b6efdcb7dfb3a358ccd4ee471cfe4d8aa8a27e1c5cb96e7ec479489ec11bf36f6c3ed0fa75edcb996b0b175ac0c8d22de4deae28b76ef5c9a2ab7de99f28aaab71447c6b8e4916de02a00000000008f5db03b4e60f67fd95f21d12fd8bdbd35db55d1a5e3cf157c968fc9ab2ee53f9b4cf85313e15571c78c53571b0faddd64dafd0ad839fbef745cefc598f5383854d5c5ccdcaaa27b9668f773c7335713dda62a9f1e38537f533a8fba7ab3bd753df9bc33672351d4eef7e629e62dd9b71e145ab713f934531c4447f6f33333331031fd4750cfd5b3f2755d4f32f65e6665daafe45fbd5cd772edcaa79aabaaa9f199999999997e23f6d3b4fcfd5b3f1b4ad330ef65e6665da6c63d8b344d772edcaa78a68a698f19999988888587e22cc7a7bd84747d17b36ee2d9db8b131af6fddd78117eee67313f20c9b7c5dc6c6b75fb28a6e534c5c9a7f2f9abc6698a78ad2cdc3cbd3f32fe9f9d8d731f271aed566f59b94f76bb7729998aa9aa27ca6262626103f34abf476f583ef0bac35ec2d532fd5e93bdadd38b4c555714d19f6f99b157f5b9aedf879cd7473e48a8fdb4fd433749cfc6d574ccab98d97877a8c8c7bd6eae2ab5728aa2aa6aa67d93131131f5245f90c03a17d50c3eb1f4a76f750f13d5d17353c48f96d9a3cac65d13345fb711e7c45ca6ae39f19a6699f6b3f500000000000000000000000000000000000000000000000007111c78ca20fa45774c61eccdafb3a8b9c57aa6a3773ab889fe663dbeec44fc26abf13fd5f825f7c15cbdbf7715cd57ad58fa2d3739b5a2e9162d773dd72e555ddaa7eda6ab71f636bd09ba7e6b19b3cf6539d5c2357acc354d32bd7e5b08ae236d5314f1dbe9128d403d00e14000000000000000000000000000cffa1bd5dd5fa2fd40c2dd78155daf0a6a8b1a9e2d33e1918d331dfa789f0ef471dea67d95447b2656c7a56a781ade9787ace99914e461e758b79362ed3e572dd74c554d51f09898952eacabb0e6f2bfba3a1587a7e55c9aeeeddcdbfa5cd533e336e3bb768fb229bb4d31f0a5cb7da2e1547e1d188511fd59f46af189d93e5b3cdd2b40314ae2d6bb8573fd3319d3e131b78a4300e4ceac000000000000f037bed6b3be367eb5b3b273b2f06d6b3837b0aac9c4b936ef59f5944d3dfa2a898f18e79e3ca7ca79899524751b606e2e97ef6d5f616eac59b3a8e9191558b93113dcbb4f9d176899f3a2ba662a89f74c2f591bfb5ff650c1ed03b7e8d7f6efa9c3deda359aa9c2bd5f14d19d67c67e4d76af678f334573f9333313e154cc4c0a971e86e2db9af6d1d6b2f6e6e7d232b4cd4f02e4dac8c5cab536ee5baa3d9313fdb13e5313131e0f3d61b6fa57daafae9d1dc3b7a4ed0de976bd26d73dcd333ed53958d447ba88ae3bd6e39f1e28aa96dca3d271d7fa71fd4d5b6b62575f7663d6ce9f97dfe7dfe193dde7ece112040911bafb7df697dd162bc5b1bbf0f42b37238aa349d3eddbab8e3d972b8aeba7dfcd3544b40eafaceafb8352bfac6bdaae66a59f95577efe5665faaf5ebb57beaaeb99aaa9fae5d51203f5c0d3f3b55cdb1a6e99857f332f26b8b562c58b755cb972b99e229a69a799999f744279f651ec059d633f07a8fd78d3e8b54d89a3274fdb75f155555713134d797c784447113ea7c79e78af8e2689819ffa3bfa039bd3cd9597d53dd3855e3eb5bbacd1460d9b94cc578fa6c4f7a999f74ddabbb5f1f9b45b9f6cc44c17cc4453111111111e1110eaea9a9e068ba665eb3aa65518d858162e64e4dfb93c536ad514cd55d73f088899fb1510ebd249d68a36c6c4c1e8f68f9531a96e99a72f52ee55f3ad69f6abe69a67db1eb2ed311f1a6d5713e6ad86c0ebdf56350eb5f55b5eea0667aca2c66e44dbd3ec573e38f876fe6d9b7c7944f76226ae3c26aaaa9f6b5fad009f9e8cce8dc5346b5d70d6712266bef68fa2cd71e3111c4e4dd8ff0092dc4fc2ec7b5063686d7d5f7bee9d2767e8163d76a5ad66d9c1c6a3d9eb2e5714c4ccfb298e7999f6444caeefa6bb1348e986c2d0b60e854534e1e89856f169aa29eecddae239b97663f3abae6aae7e354923280150783be746fbe3d95b836f453354ea9a565e1f111cccfacb3551c7fccf7805038f777fe891b6b7e6e4dbb16fd5fdcad5f330bb9c71ddf557aba38e388f2eefba3ea784b8dd5d8bf5cfb81da7761e6555f769c8cebb835473e157ca31eed9889fb6e47db10b8e517f4a35c9db3d51d9fb8bbf347dccd7b033267e16f228aa7fe10bd056411dbb7cee6fbdcecc9b96cd15cd17b5abf87a65a98ab8fcabf4d75c7c79b76ee471f148941df4a46e78c5d91b23675373c751d532752ae98f3e31ed45b899ff00133fd93ee440ae9017161fe8b4db33636b6fbde35dbab8ced43134cb75cc787f216eab95c47f88a39fb13a51bfd1fbb6bef77b33685995da9b7775dcccdd4ee44f9cf37a6cd13f6d16689faa6124159103fd28db16abfa36cbea3e359ffe5322fe8b975c478cc5ca62ed9e7dd1136ef7db542bdd77bd6ce96695d68e99eb7d3bd5abf534ea767ff0f93ddef4e364d13155abb11f0ae2398f6d3de8f6a993a89d3dddbd2cddd9fb277ae95730353d3ee4d354554cf72f51ccc5376dd5311dfb7571cd35479c7db09818e809049ff478f4cef6f5ebcd8dd77f1fbfa6ecbc5af50bd555f93393729aad63d1f5f335dc8ff733f54c75da7b4f71efadc583b536969191a9eada95d8b38d8d629e6aaea9f6ccf9534c478cd53311111333311132b82ecbfd03d3fb3df4cb1b6bf7ece4eb99f5466eb7996e9f0bb933111dca266399b76e3e6d3cf9fceab889aa611237080a8d79da0b6464751fa27bd366615aaae666a3a45ff925ba7cebc9b71eb2cd3f6dca288fb549355355154d15d334d54cf13131e312bf956df6dcec71af681b8753eb074bf48bb9fa16a576bccd5f4ec5b7debba7dfaa79b9768a22399b354f354f1cf7266af2a78eecc085602c3606d9ed05d70d9d89674edb7d56dcf85878f4c53671a351b95d9b74f1c44536ea99a6238f64470f7bf0bbed2df4c7afff007b47eeb5080dbdf85df696fa63d7ff00bda3f74fc2efb4b7d31ebffded1fbad42036f7e177da5be98f5ffef68fdd7afb43b46f6b4df7b9f4cd9db57aa3b933b56d5f229c6c5b145ca39aab9f6ccf778a6988e6aaaa9f08a6266662225a2967dd833b2fd5d2ddb34f54b7b69ddcdd7b871e3e498f7a8f9fa6e155c4c53313f9376e785557b69a7bb4f84f7e26275091dd34dafafed1d91a5e85baf7666ee5d6acdaef6a1aa6555cd57efd5e35776388eed113f3698e3f26239e666667d6dc9b8f45da1a0e7ee7dc9a8dac0d2f4cb15e4e564de9e29b76e98e667e33ec888f1999888e665ea4cc53133331111e3332abeedd3daaa7aabaf5ce976c4d46676868b7ff00f17936abf9baa65d13f95e1e76689fc9f655544d5e31dde2a355f6a1ed11ae7686ea05cd66b9bb8bb7b4c9af1f44d3ea9ff35666639bb5c794ddb9c44d53ec88a69e6629899d3c0b82c53b00f655fbdec1c6eba750b4d8fba99d6bbfb770af51e38b62a8ff00e6ea89fe7d713f33f3689ef78cd71ddd35d86bb29d7d5ddc34752f7d69dceccd12ff00f218f7a8f9bab65d33cfabe27f2acd13c4d73e554f1478fcfeeda3c4453111111111e1110acc8fa553fa423a431d3ceb4d7bbf4cc59b7a46f7b756a347768e28a336998a72688f8cccd1767e3767dcb58684eda5d218eaef42b58c6c2c6f5bacede89d6b4ceed3cd55576a99f596a3db3dfb535c447e77727c782054100b09c3e8cbeaff00dcbdc9adf45b56c9e2c6b54d5abe93154f84655ba622fdb8f6ccd76a9a6bf74458abdeb17511ec4de5ac74f379e8bbe740bbdccfd0f36d66d9e66629ae68aa2668ab8f3a6a8e69aa3db154c2eff64eeed1f7eed2d1f7a6817a6e69dade15acdc79abf2a29ae989eed51ecaa39e263d93130ac8f7404000000000000000000000000000000000000000000003890715478f2abbed9b5d757693ddf4d75ccc53f208a6267ca3e438f3c47db33fdab448f1f3567f6e6d1aad2fb416a79d55134fdd7d3f0f3626627e74536fd4731f6d898f6797dadefd9dd71462d544f6d131eb4cfd9a369fd335617131d9547f130d0203b838c00000000000000000000000000009ede8e98c8ff27fba6baaafe42759a6288f757ea28ef7fc268fec409599f625da156d5e82697957e89a2febf937f55b94cc713c5754516e7edb76edcfdad17da15bd36584fe1cedaaa888f2d7f66eba076355ae2915c6ca69999fe3eedfa03873b580000000000000035cf56ba05d2aeb760d18dd42dab633722c513463675a99b3978f13eca2ed3c4f1cf8f76ae69e7ce2510b7dfa2e32e2f5cbfd33ea75aaad4ff9bc5d771a69aa9faefd98989feea3f65818662a9755f4737694d3ebae9c4d3b6f6a714cf11562ead4d3157c63d6d344ff006f0f3bf17d76a1ff0042b4ff00d738bfbeb6b1398ab3d1bd1adda1751b914ea19bb4f4aa398ef5591a8dcb93c787945ab55733f5cc797b1b6f63fa2e746b1768c9ea375432b329f09af0f46c3a6c7ff5aecd7cc4ff00bb89f8fba7886635bf4b3b3e7483a336a3ef0364e0e16677668af51bb137f32b89f389bd739ae227f36998a7e0d900806b7ebf74df72f573a65a974f76c6ecb5b76bd62aa2ce666578d55e99c589e6e5aa622aa789af8a6999e7f266a8f6b6400af2fc55baff00d3369ffa92bfe31f8ab75ffa66d3ff005257fc658689cc448ecd5d846c742ba8d1d44d7f7a636e3c8c4c4bb674fb36f4f9b118f7ae714d57b99aeae67d5cd74c47faf296e080000001067aa5e8dfd47a81d47dcdbeb03aa385a759dc1aa646a518b5e935dcaad557ab9aeaa66a8bb1cfceaa7c788631f8ab75ff00a66d3ff5257fc658689cc5797e2add7fe99b4ffd495ff1960b8b4645ac5b36f26f45dbd4dba62e5711c457571e33c7b39976040230f6abec85af7693dd3a2eb98dd42c6d130f46d3eac4a316ee9f55f9aaed572aaabb9de8ae9e398f571c71fcd49e015e5f8ab75ffa66d3ff005257fc63f156ebff004cda7fea4aff008cb0d1398c57a5db26cf4dfa75b6f6163e453931a06998f8155f8b7eae2f57451115dceef33ddef55deab8e67cfce7cd950201afbab7d0be99f5bf48a348ea16dcb59b3639f92e6db9f55978b33e7eaeec7ce889f6d33cd33c47313c36080817b97d165a5ddcaaee6cfeaf6563634d5f331f52d2a9bf5d34fc6edbb9444cff00521fb6dcf45968362fd17377757b50ccb5e1372ce9ba5518d57c622e5cb9723edee7d89dc2731adfa47d9fba53d0fc1af1fa7db5ed6264dfa228c9d42fd537b33223c3c2abb578c53cc44f769eed3cf8f0d90080000001a47aa1d8eba03d57c8bfa96b9b2e8d3755c8aa6ab9a8e8f5fc92f5554f9d55534c4dbaea9fceae8aa7e2d0daefa2cb68e45eaaadb1d5cd5f4fb533f369cfd2ed665511f19a2bb513fd909ce198af4b9e8afd6e2e55167ad183551154c53356875d3331ec998f5f3c4fdb2f9fc55baffd3369ff00a92bfe32c344e62bcbf156ebff004cda7fea4aff008c7e2add7fe99b4ffd495ff1961a198853d18f470695b03a83a6ef2df1bdf1b73e1e9757ca6ce9b469b3668bb914cc4dbaae4d572aef514cfceeef1e3314f3e1cc4cd6040d71d74d87be3a9dd3fccd91b237b58dab7756fe473b3eac5aafdc9c5989efdab7ddae9ee4d7e535733f366a88f3e621cfe2add7fe99b4ff00d495ff001961a198af2fc55baffd3369ff00a92bfe33b1a6fa2cb368d4716bd63ac38f77069bd44e4dbc7d22aa2ed76bbd1dea68aaabb314d531cc44cc4c44f8f13e4b051398f1f6aed8d0f666ded3b6aed8d36d60695a5e3d18d8b8f6a38a68a298f0f8cccf9cccf8ccccccf33332f60100002066f6f462d5af6f0d675bdb1d4dc3d234ad4336ee5626057a4d572716dd754d516a2a8bb1cc53cf113c79443c5fc55baffd3369ff00a92bfe32c344e62bcbf156ebff004cda7fea4aff008c961d99ba37b97a11d3bff279aeef2b1b8b1b1732ee469f76de2558f38f6ae715556a626bab98f59dfaa27fd79f836e88cc0000000000000000000000000000000000000000000000007ccfbe10c3d227b16edfd3b6c751b12cc4c62dcb9a4e65511e3ddaff0094b33f0889a6ec7d75c797b667cf9f30c4baa7b074dea76c0d6763ea9c536b54c7aaddbbb31cfa9bd13deb5723fd9ae29abe3c71ed65b01c47dd588595ebb2275fd2754fa30f8e61fef3b85a5da36cc6afac6b853f0efee3dbfab6d3d7b3f6cebd875e2ea1a664578b9366afe6d74cf13c4fb627ce263c2626263cdd07a4aced28b5a22ba2738979ead2ceab2ae68ae3298005d4000000000000000000000000645d38d91a9751f7ce8bb234b89f5fab6551626ba639f556fcee5c98f751445554fc2995bee8ba469fb7f47c1d0f4bb11630f4fc7b7898f6a3ca8b76e98a69a7ec8888456ec2bd0bb9b6741bbd5cdcb83ddd4b5bb3eab49b5729f9d630e6799bbe3e53766238ff005223c78ae52e265c2f4eb19a712bf45dec673a2cf38facf6f0d9c5dab42b07ab0fb9cde2d632aed329fa47671dafa01a437600000000000000000000000000000000000000000000000000000000000000000000000000000000000000000000000000000000000000000000000000000000000000000000000000000000044eed9dd9af277e61cf5436369f55edc1816629d430ecd3cd79d8f4478574c7f3aed11e1c79d54f111e34d3135ff31313c4f84c7878aebf8e7cd133b4cf633b1beb2b2f7e74b6dd8c3d7af4cdecdd32a98b7633abf39aedd53c45bbb3e3cf3f36a99e66699e66ae95a1da614dce9a70fbfd59511fe354f6784f86e9ecfa39be96e89d57aaa6fd718ceb9ff2a77f8c78f82020edeb5a1eb3b6f53bfa2ee0d2f274ecfc5afb9771b26d4dbb944fc699f1fdb0ea3af51694dad315d139c4b9557455673d0ae329005d400000000000000001d8d374cd4b59cfb1a5691a7e46766e55716ec63e3daaae5cbb5cf9534d34f3333f0856aae9b38e955b16a29aab9e8d3b5d7494ec9dd96f33a9fa9e3efddef8555ada18577bd66c5c898ab55bb4cfe4c7fecc551f3aafe771dd8fe74d39cf67eec2f937eee3eeceb55a8b56699a6ed8d06dd7cd573db13915d33f363ff6e99e67f9d31e34ccd9c4c4c5c1c7b585858f6ec63d9a228b76add114d145311c4534c47844447b21cbf4ab4da8a68aae586d59ccea9aa36478533bfc7b3b35ece91a31a1b695d74def108ca98d714ced9faee8f07eb6addbb36e9b76e8a68a2988a69a698e22223ca221fa83936d75588ca3280012000000000000000000000000000000000000000000000000000000000000000000000000000000000000000000000000000000000000000000000000000000000000000000000000000000000000c1fa89d1fe9cf55f0630b7c6d7c5d42aa29eed9c9e26de4588f3e28bb4f15d31cf8f779e27db128afbebd1d7934d77327a6dbe6dd544f33461eb36a6269f87afb513cff771f5a6f73e047d6cce1ba4188e13aaeb6b314ee9d71c27ecc362180e1f8a4f4af1671356f8d53c63eeac0d6bb16f688d22ecd167655ad4ad533c45ec2d431eaa67fab5d74d7ff2b1ff00c187af9f459ad7e853fbcb5fe39f61c447b9b3d9fb47c4e98caaa289f298fbb5aafd9f61f54e74575479c4fd9541f830f5f3e8b35afd0a7f78fc187af9f459ad7e853fbcb60e20e217f88f88f774faf357e1e5c7bcabd392a7ff00061ebe7d166b5fa14fef1f830f5f3e8b35afd0a7f796c1c41c41f12311eee9f5e67c3cb8f7957a7254ff00e0c3d7cfa2cd6bf429fde3f061ebe7d166b5fa14fef2d83883883e24623ddd3ebccf87971ef2af4e4a9ffc187af9f459ad7e853fbc7e0c3d7cfa2cd6bf429fde5b07107107c48c47bba7d799f0f6e3de55e9c95498dd963b416555345ae97eab4cc473fca576adc7f6d55c4324d13b117685d5ae534e66d9c1d228afc62e676a56662227df166ab95479f971cf84acd7c3dd0fafa9f95afb45c4ea8ca9a288f299fbbf4b3f67f875339d55553e711f6428d8de8eab544dbc9ea46fdaae4711dfc3d1ecf7639ff7f723998fff006e27e293dd3be8c74d7a538b36363ed4c4c0b95d3ddbb9534cddc9bb1eeaaed7cd731cf8f779e3dd10ce638f63898f0f26b388e3f88e2baaf36b331bb64708fbb63b860387e1939ddeca22adf3ae78cbe8061d9900000000000000000000000000000000000000000000000000000000000000000000000000000000000000000000000000000000000000000000000000000000000000000000000000000000000000000000000000000000000071c439000000000000000000000000000000000000000000000000000000000000000000000000000000000000000000000000000000000000000000000000000000000000000000000000000000000000000000000000000000000000000000000000000000000000000000000000000000000000000000000000000000000000000000000000000000000000000000000000000000000000000000000000000000000000000000000000000000000000000000000000000000000000000000000000000000000000000000000000000000000000000000000000000000000000000000000000000000000000000000000000000000000000000000000000000000000000000000000000000000000000000000000000000000000000000000000000000000000000000000000000000000000000000000000000000000000000000000000000000000000000000000000000000000000000000000000000000000000000000000000000000000000000000000000000000000000000000000000000000000000000000000000000000000000000000000000000000000000000000000000000000000000000000000000000000000000000000000000000000000000000000000000000000000000000000000000000000000000000000000000000000000000000000000000000000000000000000000000000000000000000000000000000000000000000000000000000000000000000000000000000000000000000000000000000000000000000000000000000000000000000000000000000000000000000000000000000000000000000000000000000000000000000000000000000000000000000000000000000000000000000000000000000000000000000000000000000000000000000000000000000000000000000000000000000000000000000000000000000000000000000000000000000000000000000000000000000000000000000000000000000000000000000000000000000000000000000000000000000000000000000000000000000000000000000000000000000000000000000000000000000000000000000000000000000000000000000000000000000000000000000000000000000000000000000000000000000000000000000000000000000000000000000000000000000000000000000000000000000000000000000000000000000000000000000000000000000000000000000000000000000000000000000000000000000000000000000000000000000000000000000000000000000000000000000000000000000000000000000000000000000000000000000000000000000000000000000000000000000000000000000000000000000000000000000000000000000000000000000000000000000000000000000000000000000000000000000000000000000000000000000000000000000000000000000000000000000000000000000000000000000000000000000000000000000000000000000000000000000000000000000000000000000000000000000000000000000000000000000000000000000000000000000000000000000000000000000000000000000000000000000000000000000000000000000000000000000000000000000000000000000000000000000000000000000000000000000000000000000000000000000000000000000000000000000000000000000000000000000000000000000000000000000000000000000000000000000000000000000000000000000000000000000000000000000000000000000000000000000000000000000000000000000000000000000000000000000000000000000000000000000000000000000000000000000000000000000000000000000000000000000000000000000000000000000000000000000000000000000000000000000000000000000000000000000000000000000000000000000000000000000000000000000000000000000000000000000000000000000000000000000000000000000000000000000000000000000000000000000000000000000000000000000000000000000000000000000000000000000000000000000000000000000000000000000000000000000000000000000000000000000000000000000000000000000000000000000000000000000000000000000000000000000000000000000000000000000000000000000000000000000000000000000000000000000000000000000000000000000000000000000000000000000000000000000000000000000000000000000000000000000000000000000000000000000000000000000000000000000000000000000000000000000000000000000000000000000000000000000000000000000000000000000000000000000000000000000000000000000000000000000000000000000000000000000000000000000000000000000000000000000000000000000000000000000000000000000000000000000000000000000000000000000000000000000000000000000000000000000000000000000000000000000000000000000000000000000000000000000000000000000000000000000000000000000000000000000000000000000000000000000000000000000000000000000000000000000000000000000000000000000000000000000000000000000000000000000000000000000000000000000000000000000000000000000000000000000000000000000000000000000000000000000000000000000000000000000000000000000000000000000000000000000000000000000000000000000000000000000000000000000000000000000000000000000000000000000000000000000000000000000000000000000000000000000000000000000000000000000000000000000000000000000000000000000000000000000000000000000000000000000000000000000000000000000000000000000000000000000000000000000000000000000000000000000000000000000000000000000000000000000000000000000000000000000000000000000000000000000000000000000000000000000000000000000000000000000000000000000000000000000000000000000000000000000000000000000000000000000000000000000000000000000000000000000000000000000000000000000000000000007ffd9, 5000, 'In Stock', '2024-02-19 02:30:58', NULL);

-- --------------------------------------------------------

--
-- Table structure for table `subcategory`
--

CREATE TABLE `subcategory` (
  `id` int(11) NOT NULL,
  `categoryid` int(11) DEFAULT NULL,
  `subcategory` varchar(255) DEFAULT NULL,
  `creationDate` timestamp NULL DEFAULT current_timestamp(),
  `updationDate` varchar(255) DEFAULT NULL
) ENGINE=InnoDB DEFAULT CHARSET=latin1 COLLATE=latin1_swedish_ci;

--
-- Dumping data for table `subcategory`
--

INSERT INTO `subcategory` (`id`, `categoryid`, `subcategory`, `creationDate`, `updationDate`) VALUES
(13, 7, 'Lampu', '2024-02-15 17:02:57', NULL);

-- --------------------------------------------------------

--
-- Table structure for table `userlog`
--

CREATE TABLE `userlog` (
  `id` int(11) NOT NULL,
  `userEmail` varchar(255) DEFAULT NULL,
  `userip` binary(16) DEFAULT NULL,
  `loginTime` timestamp NULL DEFAULT current_timestamp(),
  `logout` varchar(255) DEFAULT NULL,
  `status` int(11) DEFAULT NULL
) ENGINE=InnoDB DEFAULT CHARSET=latin1 COLLATE=latin1_swedish_ci;

--
-- Dumping data for table `userlog`
--

INSERT INTO `userlog` (`id`, `userEmail`, `userip`, `loginTime`, `logout`, `status`) VALUES
(1, 'anuj.lpu1@gmail.com', 0x3a3a3100000000000000000000000000, '2017-02-26 11:18:50', '', 1),
(2, 'anuj.lpu1@gmail.com', 0x3a3a3100000000000000000000000000, '2017-02-26 11:29:33', '', 1),
(3, 'anuj.lpu1@gmail.com', 0x3a3a3100000000000000000000000000, '2017-02-26 11:30:11', '', 1),
(4, 'anuj.lpu1@gmail.com', 0x3a3a3100000000000000000000000000, '2017-02-26 15:00:23', '26-02-2017 11:12:06 PM', 1),
(5, 'anuj.lpu1@gmail.com', 0x3a3a3100000000000000000000000000, '2017-02-26 18:08:58', '', 0),
(6, 'anuj.lpu1@gmail.com', 0x3a3a3100000000000000000000000000, '2017-02-26 18:09:41', '', 0),
(7, 'anuj.lpu1@gmail.com', 0x3a3a3100000000000000000000000000, '2017-02-26 18:10:04', '', 0),
(8, 'anuj.lpu1@gmail.com', 0x3a3a3100000000000000000000000000, '2017-02-26 18:10:31', '', 0),
(9, 'anuj.lpu1@gmail.com', 0x3a3a3100000000000000000000000000, '2017-02-26 18:13:43', '', 1),
(10, 'anuj.lpu1@gmail.com', 0x3a3a3100000000000000000000000000, '2017-02-27 18:52:58', '', 0),
(11, 'anuj.lpu1@gmail.com', 0x3a3a3100000000000000000000000000, '2017-02-27 18:53:07', '', 1),
(12, 'anuj.lpu1@gmail.com', 0x3a3a3100000000000000000000000000, '2017-03-03 18:00:09', '', 0),
(13, 'anuj.lpu1@gmail.com', 0x3a3a3100000000000000000000000000, '2017-03-03 18:00:15', '', 1),
(14, 'anuj.lpu1@gmail.com', 0x3a3a3100000000000000000000000000, '2017-03-06 18:10:26', '', 1),
(15, 'anuj.lpu1@gmail.com', 0x3a3a3100000000000000000000000000, '2017-03-07 12:28:16', '', 1),
(16, 'anuj.lpu1@gmail.com', 0x3a3a3100000000000000000000000000, '2017-03-07 18:43:27', '', 1),
(17, 'anuj.lpu1@gmail.com', 0x3a3a3100000000000000000000000000, '2017-03-07 18:55:33', '', 1),
(18, 'anuj.lpu1@gmail.com', 0x3a3a3100000000000000000000000000, '2017-03-07 19:44:29', '', 1),
(19, 'anuj.lpu1@gmail.com', 0x3a3a3100000000000000000000000000, '2017-03-08 19:21:15', '', 1),
(20, 'anuj.lpu1@gmail.com', 0x3a3a3100000000000000000000000000, '2017-03-15 17:19:38', '', 1),
(21, 'anuj.lpu1@gmail.com', 0x3a3a3100000000000000000000000000, '2017-03-15 17:20:36', '15-03-2017 10:50:39 PM', 1),
(22, 'anuj.lpu1@gmail.com', 0x3a3a3100000000000000000000000000, '2017-03-16 01:13:57', '', 1),
(23, 'hgfhgf@gmass.com', 0x3a3a3100000000000000000000000000, '2018-04-29 09:30:40', '', 1),
(24, 'anuj.lpu1@gmail.com', 0x3a3a3100000000000000000000000000, '2023-02-09 22:23:13', NULL, 1),
(25, 'tes@gamil.com', 0x3a3a3100000000000000000000000000, '2024-02-12 20:04:25', NULL, 0),
(26, 'tes@gamil.com', 0x3a3a3100000000000000000000000000, '2024-02-12 20:05:00', NULL, 0),
(27, 'tes@gmail', 0x3a3a3100000000000000000000000000, '2024-02-12 20:06:00', NULL, 0),
(28, 'tes@gmail.com', 0x3a3a3100000000000000000000000000, '2024-02-12 20:06:17', NULL, 1),
(29, 'tes@gmail.com', 0x3a3a3100000000000000000000000000, '2024-02-12 20:07:41', NULL, 1),
(30, 'amir@gmail.com', 0x3a3a3100000000000000000000000000, '2024-02-15 17:16:36', '16-02-2024 12:12:27 AM', 1),
(31, 'amir@gmail.com', 0x3a3a3100000000000000000000000000, '2024-02-17 05:33:52', '17-02-2024 11:08:30 AM', 1),
(32, 'amir@gmail.com', 0x3a3a3100000000000000000000000000, '2024-02-18 09:05:35', '18-02-2024 03:20:44 PM', 1),
(33, 'amir@gmail.com', 0x3a3a3100000000000000000000000000, '2024-02-18 09:50:56', '18-02-2024 03:21:15 PM', 1);

-- --------------------------------------------------------

--
-- Table structure for table `users`
--

CREATE TABLE `users` (
  `id` int(11) NOT NULL,
  `name` varchar(255) DEFAULT NULL,
  `email` varchar(255) DEFAULT NULL,
  `contactno` bigint(11) DEFAULT NULL,
  `password` varchar(255) DEFAULT NULL,
  `shippingAddress` longtext DEFAULT NULL,
  `shippingState` varchar(255) DEFAULT NULL,
  `shippingCity` varchar(255) DEFAULT NULL,
  `shippingPincode` int(11) DEFAULT NULL,
  `billingAddress` longtext DEFAULT NULL,
  `billingState` varchar(255) DEFAULT NULL,
  `billingCity` varchar(255) DEFAULT NULL,
  `billingPincode` int(11) DEFAULT NULL,
  `regDate` timestamp NOT NULL DEFAULT current_timestamp(),
  `updationDate` varchar(255) DEFAULT NULL
) ENGINE=InnoDB DEFAULT CHARSET=latin1 COLLATE=latin1_swedish_ci;

--
-- Dumping data for table `users`
--

INSERT INTO `users` (`id`, `name`, `email`, `contactno`, `password`, `shippingAddress`, `shippingState`, `shippingCity`, `shippingPincode`, `billingAddress`, `billingState`, `billingCity`, `billingPincode`, `regDate`, `updationDate`) VALUES
(1, 'NOWDEMY OFFICIAL', 'Nowdemy@gmail.com', 9009857868, 'f925916e2754e5e03f75dd58a5733251', 'karachi,khi', 'Sindh', 'Sindh', 110001, 'Sindh area', 'Sindh area', 'SIndh', 110092, '2017-02-04 19:30:50', ''),
(2, 'Amit ', 'amir@gmail.com', 8285703355, '4e72fc71d6afe049572655387d0f5346', '', '', '', 0, '', '', '', 0, '2017-03-15 17:21:22', '2024-02-18 15:20:30'),
(3, 'hg', 'hgfhgf@gmass.com', 1121312312, '827ccb0eea8a706c4c34a16891f84e7b', '', '', '', 0, '', '', '', 0, '2018-04-29 09:30:32', ''),
(4, 'tes', 'tes@gmail.com', 978765544, 'b93939873fd4923043b9dec975811f66', NULL, NULL, NULL, NULL, NULL, NULL, NULL, NULL, '2024-02-12 20:04:01', NULL);

-- --------------------------------------------------------

--
-- Table structure for table `wishlist`
--

CREATE TABLE `wishlist` (
  `id` int(11) NOT NULL,
  `userId` int(11) DEFAULT NULL,
  `productId` int(11) DEFAULT NULL,
  `postingDate` timestamp NOT NULL DEFAULT current_timestamp()
) ENGINE=InnoDB DEFAULT CHARSET=latin1 COLLATE=latin1_swedish_ci;

--
-- Dumping data for table `wishlist`
--

INSERT INTO `wishlist` (`id`, `userId`, `productId`, `postingDate`) VALUES
(1, 1, 0, '2017-02-27 18:53:17');

--
-- Indexes for dumped tables
--

--
-- Indexes for table `admin`
--
ALTER TABLE `admin`
  ADD PRIMARY KEY (`id`);

--
-- Indexes for table `bukti`
--
ALTER TABLE `bukti`
  ADD PRIMARY KEY (`order_id`);

--
-- Indexes for table `category`
--
ALTER TABLE `category`
  ADD PRIMARY KEY (`id`);

--
-- Indexes for table `orders`
--
ALTER TABLE `orders`
  ADD PRIMARY KEY (`id`);

--
-- Indexes for table `ordertrackhistory`
--
ALTER TABLE `ordertrackhistory`
  ADD PRIMARY KEY (`id`);

--
-- Indexes for table `productreviews`
--
ALTER TABLE `productreviews`
  ADD PRIMARY KEY (`id`);

--
-- Indexes for table `Products`
--
ALTER TABLE `Products`
  ADD PRIMARY KEY (`id`);

--
-- Indexes for table `subcategory`
--
ALTER TABLE `subcategory`
  ADD PRIMARY KEY (`id`);

--
-- Indexes for table `userlog`
--
ALTER TABLE `userlog`
  ADD PRIMARY KEY (`id`);

--
-- Indexes for table `users`
--
ALTER TABLE `users`
  ADD PRIMARY KEY (`id`);

--
-- Indexes for table `wishlist`
--
ALTER TABLE `wishlist`
  ADD PRIMARY KEY (`id`);

--
-- AUTO_INCREMENT for dumped tables
--

--
-- AUTO_INCREMENT for table `admin`
--
ALTER TABLE `admin`
  MODIFY `id` int(11) NOT NULL AUTO_INCREMENT, AUTO_INCREMENT=2;

--
-- AUTO_INCREMENT for table `category`
--
ALTER TABLE `category`
  MODIFY `id` int(11) NOT NULL AUTO_INCREMENT, AUTO_INCREMENT=8;

--
-- AUTO_INCREMENT for table `orders`
--
ALTER TABLE `orders`
  MODIFY `id` int(11) NOT NULL AUTO_INCREMENT, AUTO_INCREMENT=13;

--
-- AUTO_INCREMENT for table `ordertrackhistory`
--
ALTER TABLE `ordertrackhistory`
  MODIFY `id` int(11) NOT NULL AUTO_INCREMENT, AUTO_INCREMENT=22;

--
-- AUTO_INCREMENT for table `productreviews`
--
ALTER TABLE `productreviews`
  MODIFY `id` int(11) NOT NULL AUTO_INCREMENT, AUTO_INCREMENT=5;

--
-- AUTO_INCREMENT for table `Products`
--
ALTER TABLE `Products`
  MODIFY `id` int(11) NOT NULL AUTO_INCREMENT, AUTO_INCREMENT=34;

--
-- AUTO_INCREMENT for table `subcategory`
--
ALTER TABLE `subcategory`
  MODIFY `id` int(11) NOT NULL AUTO_INCREMENT, AUTO_INCREMENT=14;

--
-- AUTO_INCREMENT for table `userlog`
--
ALTER TABLE `userlog`
  MODIFY `id` int(11) NOT NULL AUTO_INCREMENT, AUTO_INCREMENT=34;

--
-- AUTO_INCREMENT for table `users`
--
ALTER TABLE `users`
  MODIFY `id` int(11) NOT NULL AUTO_INCREMENT, AUTO_INCREMENT=5;

--
-- AUTO_INCREMENT for table `wishlist`
--
ALTER TABLE `wishlist`
  MODIFY `id` int(11) NOT NULL AUTO_INCREMENT, AUTO_INCREMENT=2;
COMMIT;

/*!40101 SET CHARACTER_SET_CLIENT=@OLD_CHARACTER_SET_CLIENT */;
/*!40101 SET CHARACTER_SET_RESULTS=@OLD_CHARACTER_SET_RESULTS */;
/*!40101 SET COLLATION_CONNECTION=@OLD_COLLATION_CONNECTION */;
